iter	F1	Logloss	Accuracy:use_weights=true	Accuracy:use_weights=false
0	0.5747329683	0.6824434746	0.6916527773	0.7605700457
1	0.5747329683	0.6732657963	0.6916527773	0.7605700457
2	0.5747329683	0.6654054556	0.6916527773	0.7605700457
3	0.5747329683	0.6586487383	0.6916527773	0.7605700457
4	0.5747659937	0.6528567922	0.6916647969	0.7605700457
5	0.5747659937	0.6478889685	0.6916647969	0.7605700457
6	0.5747659937	0.6436237392	0.6916647969	0.7605700457
7	0.5747659937	0.639966006	0.6916647969	0.7605700457
8	0.5748053685	0.6264258749	0.6916848296	0.7605808013
9	0.5747786975	0.6146979362	0.6916808231	0.7605915569
10	0.5747786975	0.604748648	0.6916808231	0.7605915569
11	0.5747786975	0.5966763683	0.6916808231	0.7605915569
12	0.5748117206	0.5888115771	0.6916928427	0.7605915569
13	0.6634023461	0.5813486412	0.7333928972	0.7728098951
14	0.6634023461	0.5755258894	0.7333928972	0.7728098951
15	0.6634294385	0.5699995314	0.7334049168	0.7728098951
16	0.6864760002	0.5651721266	0.7384050771	0.7604840011
17	0.6866623142	0.5606770981	0.7384852079	0.7604624899
18	0.6866007	0.5563778097	0.7384651752	0.7604840011
19	0.6902667352	0.5527390865	0.7537020417	0.7906318903
20	0.6900360777	0.549357792	0.7549120164	0.7935789191
21	0.6937060839	0.5458912776	0.7546195391	0.789104598
22	0.6901131433	0.5427475015	0.755072278	0.7938585641
23	0.6932286141	0.5389508843	0.7555570691	0.7917182038
24	0.6952430212	0.5356759686	0.7568471746	0.7925141167
25	0.6965611028	0.5323414128	0.7577286131	0.7931164291
26	0.6967743229	0.5292486357	0.7576765281	0.7927722506
27	0.6963984597	0.5254029802	0.7583456201	0.7946867437
28	0.6982009177	0.5224340294	0.7596557582	0.7957515461
29	0.6997295585	0.5196580133	0.760673419	0.7964399032
30	0.6977425975	0.5166445096	0.7604170005	0.7979671955
31	0.6993624722	0.5143588802	0.7613745633	0.7984296854
32	0.7004128994	0.5127364144	0.7624963941	0.799870933
33	0.7008029087	0.5102962152	0.7626125837	0.7997203549
34	0.7019603477	0.5077046879	0.7640228853	0.8017101371
35	0.7029317905	0.5060120336	0.764659925	0.8021296047
36	0.7042381571	0.5042661243	0.765389115	0.8023984942
37	0.7048121799	0.5029386794	0.7661022789	0.8034202743
38	0.7052507053	0.5013594273	0.7664107824	0.803656897
39	0.7058615373	0.4994553215	0.7668795474	0.8040763646
40	0.706880873	0.4983561465	0.7675406263	0.8044958322
41	0.7062322961	0.4964781165	0.7677289336	0.8056359236
42	0.7066027311	0.4951394072	0.7680935286	0.8060769024
43	0.7076720581	0.4934736005	0.7686424244	0.8061844582
44	0.7088208935	0.4921789531	0.7695959806	0.8071417048
45	0.7104267008	0.4907773592	0.7704373538	0.8073353052
46	0.7095839182	0.4891765753	0.7703812622	0.8081312181
47	0.7103404632	0.4877261813	0.7707658899	0.8081957515
48	0.7111979509	0.4866846709	0.7714109427	0.8087550417
49	0.7119749292	0.485692366	0.7720640085	0.8094218876
50	0.7129367567	0.4847532242	0.772841277	0.8101747782
51	0.7137470836	0.4839617177	0.7733861662	0.8105512234
52	0.715840619	0.4829742965	0.7745881278	0.8110352245
53	0.7162829196	0.4817327186	0.7747764351	0.8109814466
54	0.7174980485	0.4808653619	0.7752532132	0.8107340683
55	0.7183539045	0.4799030266	0.7759182987	0.8113363807
56	0.7188108549	0.478809901	0.7761106125	0.8112718473
57	0.7193329209	0.4781498506	0.7764070964	0.8113794031
58	0.7196708697	0.4774824627	0.7766875541	0.8116590481
59	0.7194766709	0.4763390573	0.7769880445	0.8125947835
60	0.7204567424	0.4755649625	0.7775409468	0.812788384
61	0.7212181557	0.4747154962	0.7778855092	0.8127346061
62	0.721575919	0.4738154825	0.7780177249	0.8126378059
63	0.7221239649	0.4731371613	0.7784223853	0.8129712288
64	0.7227131981	0.4724875798	0.7786267188	0.8127776284
65	0.7235409244	0.4717401003	0.7792797846	0.8133799408
66	0.7239321687	0.4711418571	0.7796043142	0.8137026082
67	0.7234765476	0.470312078	0.7795762685	0.8141650981
68	0.7243102106	0.4697563045	0.7800209943	0.8142618984
69	0.7249403791	0.4692811456	0.7805017789	0.814681366
70	0.7254801562	0.4686659203	0.7808984262	0.8150040333
71	0.7256599874	0.4679481355	0.7809144524	0.8148319441
72	0.7260138675	0.4671595123	0.7810466682	0.8147351439
73	0.7261230814	0.4665755433	0.7811668643	0.8148964775
74	0.7270104002	0.4658986509	0.7816756947	0.8150793224
75	0.727048737	0.4653720441	0.7816276163	0.8149179887
76	0.72771586	0.4648837498	0.7820162505	0.8150685668
77	0.7274840675	0.4642282686	0.7820763486	0.8154880344
78	0.7282486781	0.4632681972	0.7825571332	0.8157461683
79	0.7295467171	0.4619306996	0.7834906568	0.8164667921
80	0.7303317417	0.461186892	0.7839073368	0.8165420812
81	0.7307215175	0.4599162581	0.7843200103	0.8170798602
82	0.7319413008	0.4588498227	0.7850532068	0.8174025276
83	0.7335259856	0.457572293	0.7860868938	0.8180155956
84	0.7337147646	0.4569566775	0.7861189461	0.8178650175
85	0.7351483299	0.4561331056	0.7869923716	0.8182629739
86	0.7354662602	0.4553243962	0.7872247508	0.8184458188
87	0.7363905119	0.4543791193	0.7877896727	0.8187039527
88	0.7375936597	0.4535967151	0.7885469086	0.8190911535
89	0.7377733598	0.4529143369	0.7886150197	0.8190373756
90	0.7380863692	0.4524757662	0.7887151832	0.8188975531
91	0.7391489911	0.4517320924	0.7894083144	0.8192955095
92	0.7397928818	0.4510513202	0.7898009552	0.8194675988
93	0.7400210188	0.4507958555	0.7898810859	0.8193815542
94	0.7406159912	0.4501291536	0.7901935959	0.8194138209
95	0.7410360144	0.4494698681	0.7904700471	0.8195751546
96	0.7415892683	0.4490248221	0.790766531	0.8196181769
97	0.7415881695	0.4483385408	0.7909468252	0.8200699113
98	0.7418573911	0.4478139327	0.7910870541	0.8200806668
99	0.7423866032	0.44727533	0.7914276099	0.8202635117
100	0.7429142586	0.446790699	0.7918362768	0.8206184458
101	0.7432378994	0.4462299604	0.7918843553	0.8203280452
102	0.7436391483	0.4456082208	0.7921007084	0.8203603119
103	0.7441780061	0.4450797227	0.7924813295	0.8206292014
104	0.7448053198	0.4446189421	0.7928899965	0.8208550686
105	0.7450275534	0.4441350097	0.7931183692	0.8211454692
106	0.7453198494	0.4437187616	0.793258598	0.8211239581
107	0.7452010946	0.4433412066	0.7933347223	0.8214681366
108	0.7454532882	0.4428882348	0.7935270361	0.8216294703
109	0.7456125186	0.4427115915	0.7936592519	0.8217585372
110	0.7458693087	0.4421327521	0.7937473957	0.8216509814
111	0.7464071383	0.4417800529	0.7941280169	0.8219198709
112	0.7465440516	0.441282517	0.7941680823	0.8218445819
113	0.7469207025	0.4409922847	0.7943603962	0.8218445819
114	0.7469841489	0.4407324299	0.7944565531	0.8220059156
115	0.7474709629	0.4403859309	0.7947690631	0.8221672493
116	0.7476331361	0.4399708599	0.7949453508	0.822403872
117	0.7473288543	0.4396888838	0.7947770762	0.8223716053
118	0.747853024	0.4393568193	0.7951977627	0.8227588061
119	0.7479295428	0.4390185371	0.7952538543	0.8228018284
120	0.7484107061	0.4385584731	0.7956144428	0.8230922291
121	0.7488886918	0.4382649718	0.7958508286	0.8230707179
122	0.7487827475	0.4378858081	0.7957626847	0.8229846733
123	0.7491452276	0.4376229922	0.7959950639	0.8231029847
124	0.7493290656	0.437284143	0.7960471489	0.8229954289
125	0.7491673728	0.4370295576	0.7960191032	0.8231352514
126	0.7496947256	0.436661404	0.7963236001	0.823221296
127	0.7498633792	0.4363647549	0.7964397897	0.8232965851
128	0.7499076832	0.4360734051	0.7964878682	0.8233611186
129	0.7501501088	0.4357783824	0.7966040578	0.8233396074
130	0.7504096767	0.435482032	0.7967923651	0.82347943
131	0.7504021329	0.4351487615	0.7967042213	0.8232643184
132	0.7505446034	0.4348405858	0.7967522998	0.8231997849
133	0.7506429516	0.4346282684	0.7968324305	0.8232750739
134	0.750800057	0.4344836603	0.7968965351	0.8232320516
135	0.7511859408	0.434256128	0.7972090452	0.8235224523
136	0.7513467815	0.4339631659	0.7973172217	0.8235869857
137	0.7515803341	0.4336440493	0.7975175486	0.8237913418
138	0.7519513969	0.4334389873	0.7978140325	0.8240602312
139	0.7520762691	0.4331865457	0.797870124	0.8240387201
140	0.7520209272	0.4328139657	0.7979422417	0.824296854
141	0.7522293557	0.4325409374	0.7980624379	0.8243291207
142	0.7523201086	0.4322808033	0.798226706	0.824630277
143	0.7526131034	0.4319754062	0.7983989871	0.8246840549
144	0.7524332725	0.431747262	0.7983228629	0.8247270772
145	0.7522894268	0.4316495123	0.7982066733	0.8246195214
146	0.7522914115	0.4314764636	0.7982747844	0.8247916106
147	0.7525400379	0.4312791319	0.7984911375	0.8250174778
148	0.7526416245	0.4311767835	0.7985352095	0.8249959667
149	0.752672304	0.4310047106	0.7985552422	0.8250067222
150	0.7527410636	0.4308337623	0.7986033206	0.825038989
151	0.7529895366	0.4304853021	0.7987275233	0.8250282334
152	0.7528901521	0.4302721316	0.7986594122	0.8249852111
153	0.7532623339	0.4300596808	0.7989438764	0.8252218338
154	0.7533458547	0.4298939335	0.799007981	0.8252756117
155	0.7535371213	0.4297649213	0.7991361903	0.8253509008
156	0.7538795031	0.4295376833	0.7993886022	0.8255445012
157	0.7544472447	0.4293228572	0.7997411776	0.8256950793
158	0.7544527699	0.429166912	0.7997732299	0.8257703684
159	0.7546159627	0.4289053638	0.7998453476	0.8257381016
160	0.7548976755	0.428769795	0.8000456745	0.8258779242
161	0.7549523183	0.4285085951	0.8000657072	0.825856413
162	0.7548643484	0.4281920167	0.8000617007	0.8259639688
163	0.7548625133	0.4279958689	0.8000857399	0.8260285023
164	0.7550403968	0.4277732779	0.8001738838	0.8260177467
165	0.7550691606	0.427612094	0.8002179557	0.8260930358
166	0.7551312087	0.4274483165	0.8002460015	0.8260822802
167	0.7551303084	0.4272923889	0.8002580211	0.8261145469
168	0.7554015111	0.4270484414	0.8003822238	0.8260715246
169	0.7556319018	0.4268178563	0.8005144396	0.8261037913
170	0.7554957864	0.4266172785	0.800406263	0.8260069911
171	0.7556384519	0.4264387797	0.8005344723	0.8261468137
172	0.7555808555	0.4262874155	0.8004463284	0.8259962355
173	0.7555725685	0.4261176936	0.8004503349	0.8260177467
174	0.7557243667	0.4258497243	0.800562518	0.8261037913
175	0.7559990776	0.4256363311	0.8007428123	0.8262005916
176	0.7561326287	0.4254362726	0.8008870477	0.826394192
177	0.7562538642	0.4252884353	0.8009791981	0.826469481
178	0.7566875481	0.4250220222	0.8012796885	0.8266630815
179	0.7569537431	0.4248401851	0.8014639892	0.8267813928
180	0.7571937329	0.4245984803	0.8016843489	0.8270287712
181	0.7571038265	0.42443708	0.8016002115	0.826931971
182	0.7572257454	0.4242991801	0.8016803423	0.8269749933
183	0.7575341391	0.4241492454	0.8019487804	0.8272546383
184	0.757679047	0.4240603164	0.8020409308	0.8272976607
185	0.7577956462	0.4238894776	0.8020769896	0.8272331272
186	0.758014062	0.4237569501	0.8022612904	0.827415972
187	0.7580420677	0.4235668781	0.8021891727	0.8271901049
188	0.7581468067	0.4234403525	0.8022893362	0.8273084162
189	0.7584192575	0.423311876	0.8024936697	0.8274697499
190	0.758492915	0.4231483417	0.8025858201	0.8276095725
191	0.7585848636	0.4230121613	0.8026338985	0.8276095725
192	0.758561199	0.4227946675	0.8026338985	0.8276418392
193	0.7588113067	0.4226293571	0.8028141928	0.8277709062
194	0.7593020008	0.4224557058	0.803202827	0.8281150847
195	0.7593634243	0.4222602259	0.8032308728	0.8281043291
196	0.7592858508	0.4220837561	0.8032108401	0.828158107
197	0.7595352325	0.421966195	0.8034031539	0.8283194407
198	0.7594527314	0.4217380323	0.8033270297	0.8282333961
199	0.7598018803	0.4215975095	0.8035634155	0.8283732186
200	0.7601645929	0.421413513	0.8038398667	0.8285990858
201	0.7601044366	0.4212547877	0.8037877817	0.8285453079
202	0.7599817734	0.4210289838	0.8037316901	0.828566819
203	0.760209855	0.4208600079	0.8038759255	0.8286313525
204	0.7602992401	0.4207153906	0.8039720824	0.8287604195
205	0.7603462041	0.4205016086	0.8039720824	0.828695886
206	0.7604378382	0.4203680249	0.8040201609	0.828695886
207	0.7603925871	0.4202271253	0.8039841021	0.8286636193
208	0.7605506879	0.420105972	0.8041163178	0.8287926862
209	0.7607471326	0.4199616414	0.8042645598	0.8289109976
210	0.7605283392	0.4198205237	0.8040922786	0.8287604195
211	0.7608014415	0.419707907	0.8042725728	0.8288572197
212	0.7607545839	0.4195801652	0.8042725728	0.8289217532
213	0.7610510289	0.4194258085	0.8044528671	0.8289862866
214	0.7611111655	0.4192612781	0.8045049521	0.8290400645
215	0.7609839677	0.419106404	0.8043807494	0.8288894864
216	0.7613025732	0.4189626538	0.8045850829	0.8289862866
217	0.761475478	0.4188689674	0.8047333248	0.8291368647
218	0.7615589398	0.4186881134	0.8047854098	0.8291583759
219	0.7615803281	0.4185129129	0.8048334883	0.8292551761
220	0.761806881	0.4183990344	0.8050017629	0.8293842431
221	0.7620478537	0.4182582233	0.8051980833	0.8295670879
222	0.7620623158	0.4182065529	0.805226129	0.8296208658
223	0.7621149902	0.4180675015	0.805270201	0.8296638881
224	0.7624007597	0.4179192824	0.8055145998	0.8299112665
225	0.7624911896	0.4177735732	0.8055867175	0.8299757999
226	0.7624530075	0.4176502557	0.8055706914	0.8299865555
227	0.7622642248	0.417529499	0.8054304625	0.8298789997
228	0.7624995106	0.4173811717	0.8055706914	0.829922022
229	0.7625741527	0.4172666138	0.8056508221	0.8300295778
230	0.762817596	0.4171495646	0.8057750248	0.8300188223
231	0.7629225138	0.4170750951	0.8058751883	0.8301371336
232	0.7629527784	0.4169707241	0.805895221	0.8301478892
233	0.7629138425	0.4168523903	0.8059032341	0.8302231783
234	0.7630337321	0.416728443	0.8060194237	0.8303630008
235	0.7629723908	0.4165924023	0.8060033975	0.8304060231
236	0.7630541751	0.4164995084	0.806103561	0.8305566012
237	0.7631674288	0.4164154896	0.8061876983	0.8306211347
238	0.7632735782	0.4162760396	0.8062518029	0.8306426459
239	0.7633113212	0.4161742763	0.8062798487	0.830664157
240	0.7632728198	0.4160659048	0.8062758422	0.8307071793
241	0.7634092255	0.4160153063	0.8063599795	0.8307394461
242	0.7633423392	0.4158995631	0.8062758422	0.8306103791
243	0.7635840442	0.4157616946	0.8064481233	0.8307286905
244	0.7637121716	0.4156694024	0.8065482868	0.8308147351
245	0.7638328171	0.415569114	0.8066404372	0.8308900242
246	0.7638477687	0.4153941629	0.8066564633	0.8309115354
247	0.7638640867	0.415252678	0.806624411	0.8308039796
248	0.7639547967	0.4151405311	0.8066845091	0.8308362463
249	0.7640974961	0.4150563457	0.8068127184	0.8309760688
250	0.7639775557	0.4149413289	0.8066965287	0.8308362463
251	0.7641209014	0.4148573119	0.8068006987	0.8309115354
252	0.764044504	0.4147540848	0.806780666	0.8309653133
253	0.7640217439	0.4146509146	0.8067686464	0.8309653133
254	0.7641654355	0.4144000998	0.8068607968	0.8310083356
255	0.7644359203	0.4142375458	0.8071011891	0.8312664695
256	0.764481711	0.4141211669	0.8071132088	0.8312342027
257	0.7646106516	0.4139917797	0.8071773134	0.8312234472
258	0.7646863202	0.4138752596	0.8072213853	0.8312342027
259	0.7647841311	0.4138349695	0.8073015161	0.8313094918
260	0.7648811125	0.4137622653	0.8074177057	0.8314815811
261	0.7649032864	0.413676953	0.8074537645	0.8315461145
262	0.7649861561	0.4135866656	0.8075178692	0.8315998924
263	0.765038817	0.4135112807	0.8075619411	0.8316429148
264	0.7651820872	0.4133708388	0.8076661111	0.8317182038
265	0.7652427393	0.4132984432	0.8076941569	0.8317074482
266	0.7651668574	0.4131583894	0.8076621046	0.8317289594
267	0.7650912151	0.413060762	0.8076180326	0.8317182038
268	0.7651441402	0.4129744784	0.8076500849	0.8317289594
269	0.7653400642	0.4128868494	0.8077983269	0.8318472708
270	0.7655214574	0.4127513312	0.8079065034	0.8318795375
271	0.7654009429	0.4126930642	0.807814353	0.8318042485
272	0.7656267576	0.4125423222	0.8079946473	0.8319655821
273	0.7659281065	0.4124084052	0.8082190134	0.8321376714
274	0.7659054232	0.4122991491	0.8082069938	0.8321376714
275	0.7658602663	0.4121831473	0.808170935	0.8321054047
276	0.7660633683	0.4121219639	0.8083392096	0.8322667384
277	0.7661162157	0.4120701044	0.8083712619	0.8322774939
278	0.7662368777	0.4119685603	0.8084513927	0.8323205163
279	0.7663421623	0.4118531879	0.8085395365	0.8324065609
280	0.7664708125	0.4116640816	0.8085916215	0.8323635386
281	0.7664329921	0.4115932006	0.8085755954	0.8323742942
282	0.7664474488	0.4114690281	0.8086276804	0.8324926055
283	0.7665304207	0.4114173088	0.8086797654	0.8325141167
284	0.7665077619	0.4113306167	0.8086677458	0.8325141167
285	0.7665379162	0.4112713483	0.8086877785	0.8325248723
286	0.766583229	0.4112374532	0.8087118177	0.8325248723
287	0.766854523	0.4111209091	0.8088921119	0.8326216725
288	0.7670125465	0.4110843782	0.8090123081	0.8327184727
289	0.7670050489	0.4110053089	0.809004295	0.8327077171
290	0.7670798952	0.4109121434	0.8090964454	0.8328475397
291	0.7670951659	0.4107740428	0.8090884323	0.8328045173
292	0.7670274022	0.4107270987	0.8090403539	0.8327722506
293	0.7670200443	0.4106439886	0.8090203212	0.8327292283
294	0.7673362881	0.4105427667	0.8092366743	0.8328582952
295	0.7671029353	0.4104517161	0.8090724062	0.8327507394
296	0.7671405602	0.4103833261	0.8091004519	0.8327722506
297	0.7675619683	0.4102314015	0.8094049489	0.8329873622
298	0.7676445869	0.4101697702	0.8094810731	0.8330734068
299	0.7677875172	0.41010445	0.8095852431	0.8331486959
300	0.7679305931	0.4100329324	0.8096653739	0.8331594515
301	0.7679007522	0.4098489673	0.8096092823	0.8330518957
302	0.7678780774	0.4097400112	0.8096092823	0.8330841624
303	0.7680808969	0.4096742224	0.8097895766	0.8332777628
304	0.7682086855	0.4096053502	0.8098897401	0.8333638075
305	0.7681785985	0.4095080823	0.8098697074	0.8333530519
306	0.7679829576	0.4093723936	0.8097455047	0.833299274
307	0.7681635205	0.4092842376	0.8098657008	0.8333638075
308	0.7681860374	0.4092428753	0.8098897401	0.8333960742
309	0.7682086855	0.4091650588	0.8098897401	0.8333638075
310	0.7684943684	0.4090149334	0.8100980801	0.8335143856
311	0.7685319501	0.4089129707	0.8101261258	0.8335358967
312	0.7685845873	0.4088629852	0.8101581781	0.8335466523
313	0.7686822311	0.4087689226	0.8102503285	0.8336542081
314	0.7685319945	0.4086509659	0.8101141062	0.83350363
315	0.7688100633	0.4085672121	0.8103144332	0.8336434525
316	0.7689077477	0.4085009026	0.8103825443	0.8336864749
317	0.7689377847	0.4084683337	0.8104145966	0.8337294972
318	0.7689678575	0.4083821247	0.8104226097	0.833707986
319	0.7688927515	0.4082914142	0.8103544985	0.833632697
320	0.7690880687	0.4082140628	0.8104907209	0.8337187416
321	0.7690580223	0.4081526655	0.8104706882	0.833707986
322	0.7691782025	0.4080726844	0.8105387993	0.8337187416
323	0.7692833398	0.4079734899	0.8106389628	0.833837053
324	0.7695386673	0.4078960624	0.8108392897	0.8340091422
325	0.7692683284	0.4077782215	0.8106710151	0.8339446088
326	0.7698764372	0.4076237379	0.8110676624	0.8341382092
327	0.7698389072	0.4075850725	0.8110396167	0.834116698
328	0.7697489164	0.4073972313	0.8110035578	0.8341489648
329	0.7699289507	0.4073076336	0.8110997147	0.8341489648
330	0.7699964867	0.4071606069	0.8111477932	0.8341812315
331	0.7701166252	0.4070414316	0.8112519632	0.8342887873
332	0.7703041599	0.4069694692	0.8113801724	0.8343640764
333	0.7704766086	0.4068653341	0.8114923555	0.8344178543
334	0.7705141151	0.4067904942	0.8115204013	0.8344393654
335	0.7706041611	0.4066880765	0.811592519	0.8345038989
336	0.7704914834	0.4065794373	0.8114843424	0.8343748319
337	0.7706342353	0.4064991606	0.8116245713	0.8345469212
338	0.7705067596	0.4064319727	0.8115364274	0.8344931433
339	0.7705293974	0.4063147993	0.8115724863	0.8345576768
340	0.7707095251	0.4062677482	0.8117167217	0.8346867437
341	0.7707543626	0.4061696975	0.8117287413	0.834654477
342	0.7708217481	0.4060643963	0.8117648002	0.834654477
343	0.770806808	0.4060170052	0.8117607936	0.8346652326
344	0.7710694094	0.4059566579	0.8119691336	0.8348480774
345	0.7711367561	0.4058855471	0.8120051925	0.8348480774
346	0.7713091528	0.405756073	0.8121293952	0.8349341221
347	0.7715718215	0.4056944719	0.8123497548	0.8351492337
348	0.7717289537	0.4055009671	0.8124459117	0.8351815004
349	0.7717662662	0.4054810618	0.8124619379	0.8351707448
350	0.7718487313	0.4054144605	0.8125260425	0.8352245227
351	0.771991243	0.4053206273	0.8126422321	0.8353320785
352	0.7720659932	0.4051533882	0.812686304	0.8353428341
353	0.7721484428	0.4050913134	0.8127504087	0.835396612
354	0.7722683463	0.4049905195	0.8128425591	0.835471901
355	0.7722083012	0.4049313305	0.8127904741	0.8354181232
356	0.7726133716	0.4047865579	0.8131270233	0.8357407905
357	0.7726138004	0.4047264398	0.8131510625	0.835805324
358	0.7725464191	0.4046471853	0.8131029841	0.8357730573
359	0.7725537423	0.4045791827	0.8130989775	0.8357515461
360	0.7723815097	0.4045140057	0.8129747748	0.8356655015
361	0.7725759193	0.4044443924	0.8130989775	0.8357192794
362	0.7726437219	0.4043651477	0.8131710952	0.8358160796
363	0.7727188509	0.4042532197	0.8132392064	0.8358913686
364	0.7728015213	0.4041663086	0.8133153306	0.8359774133
365	0.7729284892	0.4040889399	0.8133914549	0.8359989244
366	0.7730179776	0.4040392024	0.8134395333	0.8359989244
367	0.7732423541	0.4039565459	0.8135957883	0.8360957247
368	0.7732875811	0.4038400733	0.8136438668	0.8361602581
369	0.7732205009	0.4037111455	0.8136078079	0.8361602581
370	0.7732199953	0.4036572987	0.8135837687	0.8360957247
371	0.7731900976	0.4036191554	0.813563736	0.8360849691
372	0.773377	0.4035483886	0.8136919453	0.8361602581
373	0.7733398319	0.4034950872	0.8136759191	0.8361710137
374	0.7735420545	0.4033972213	0.8138321741	0.8363000807
375	0.7734898184	0.403313177	0.8138001218	0.8362893251
376	0.7736389685	0.4032283009	0.8138882656	0.8363108362
377	0.7739005876	0.4031747932	0.8140725664	0.8364291476
378	0.7737967602	0.4031279191	0.814032501	0.8364721699
379	0.7739835497	0.4030786371	0.8141607103	0.836547459
380	0.7742975879	0.402868414	0.814389083	0.8367087927
381	0.7742529587	0.4027933522	0.8143650438	0.8367087927
382	0.7743280906	0.4026976049	0.8144331549	0.8367840817
383	0.7740215691	0.4025908368	0.8142127953	0.8366335036
384	0.7741555132	0.4025413442	0.814284913	0.8366335036
385	0.774132572	0.4024740633	0.8142488541	0.8365689702
386	0.7742296919	0.4023856705	0.8143169653	0.8366119925
387	0.7743117121	0.402334397	0.8143690503	0.8366335036
388	0.7743569758	0.4023021159	0.8144171288	0.8366980371
389	0.7748358564	0.4021593754	0.8147857303	0.8369991933
390	0.7747837269	0.4021087052	0.814753678	0.8369884378
391	0.7748135664	0.4020020509	0.8147737107	0.8369991933
392	0.774798118	0.4019839057	0.8147456649	0.8369454154
393	0.7749034354	0.4018553255	0.8148458284	0.8370637268
394	0.7748811472	0.4018311427	0.8148338088	0.8370637268
395	0.7752096543	0.4015652256	0.815066188	0.8372143049
396	0.775254579	0.401535565	0.8151022469	0.8372465717
397	0.7752760844	0.4014990878	0.8150902273	0.8371820382
398	0.7753146063	0.4013914237	0.8151543319	0.8373003496
399	0.7752844008	0.4013141132	0.8151222796	0.8372573272
400	0.7754863529	0.401177612	0.8152785346	0.8373863942
401	0.7755988527	0.4011257186	0.8153746915	0.8374831944
402	0.7754422193	0.4010241737	0.815266515	0.8374186609
403	0.7754278979	0.4010095319	0.815274528	0.8374616832
404	0.7753300961	0.4009068499	0.8151823776	0.8373541275
405	0.7753821878	0.4008292664	0.8152144299	0.837364883
406	0.7755106017	0.4007815502	0.8153506523	0.8375477279
407	0.7753992458	0.4007107278	0.8152905542	0.8375477279
408	0.7756012725	0.4006788721	0.8154468092	0.8376767948
409	0.7757054414	0.4006171567	0.8155109138	0.837698306
410	0.775847792	0.4005208213	0.8156271034	0.8378058618
411	0.7758179772	0.4004516687	0.8156070707	0.8377951062
412	0.7758624889	0.4004052022	0.81563111	0.8377951062
413	0.7758100025	0.4003585972	0.815587038	0.8377520839
414	0.7758406524	0.4002818105	0.81563111	0.8378273729
415	0.7758406524	0.4002194669	0.81563111	0.8378273729
416	0.7762001023	0.4000816373	0.8159195808	0.8380855069
417	0.7761858598	0.4000589364	0.8159275938	0.8381285292
418	0.7760959902	0.3999221448	0.8158554761	0.8380639957
419	0.7762597112	0.3998892857	0.8159596461	0.838107018
420	0.7763557737	0.3998102154	0.8160037181	0.8380855069
421	0.7764673802	0.3996937084	0.8160758358	0.8381177736
422	0.776474025	0.3996764993	0.8160598096	0.8380639957
423	0.7765349799	0.3995984201	0.8161359338	0.8381823071
424	0.7765723301	0.3995660839	0.8161639796	0.8382038182
425	0.7767978456	0.3994497668	0.8163683131	0.8384296854
426	0.7768124976	0.3993852999	0.8163723196	0.8384189298
427	0.7768720601	0.3993067006	0.816412385	0.838440441
428	0.7767529293	0.3992184806	0.8163322542	0.8383974187
429	0.7765132146	0.3991750017	0.8161359338	0.8382145738
430	0.7764607338	0.3991169928	0.8160918619	0.8381715515
431	0.7764909854	0.3990858083	0.8161239142	0.8382145738
432	0.7766701891	0.3989729788	0.81625613	0.838311374
433	0.7768730276	0.3988872587	0.8164364242	0.8385049745
434	0.7768725438	0.3988478775	0.8164244046	0.8384727077
435	0.7769023248	0.3987994486	0.8164444373	0.8384834633
436	0.776970429	0.3987663803	0.816516555	0.8385802635
437	0.7770471041	0.3986836185	0.816620725	0.8387523528
438	0.7771066732	0.3985564483	0.8166607904	0.8387738639
439	0.7773297491	0.3985055254	0.8168050258	0.8388383974
440	0.7773741466	0.3984685884	0.816829065	0.8388383974
441	0.7771722986	0.398444834	0.81667281	0.8387093305
442	0.7774407315	0.3982363049	0.8168651239	0.8388383974
443	0.7774109673	0.3981516105	0.8168450912	0.8388276418
444	0.7775234942	0.3980941167	0.8169412481	0.8389244421
445	0.7777323362	0.3980389266	0.8170934966	0.8390319978
446	0.7776733587	0.3979793961	0.8170654508	0.8390427534
447	0.7775911183	0.3979144266	0.8170013462	0.8389889755
448	0.7778664901	0.3978470579	0.8171896535	0.8390965313
449	0.7778670367	0.3978009345	0.8172016731	0.8391287981
450	0.7777474828	0.3977281228	0.8171095227	0.839053509
451	0.7777988735	0.3977134279	0.8171295554	0.8390319978
452	0.7780146608	0.3976182174	0.8172777974	0.8391180425
453	0.7779411335	0.3975659721	0.8172457451	0.8391395536
454	0.7780542072	0.3974906247	0.8173539216	0.8392686206
455	0.7780763763	0.3974301426	0.8173659412	0.8392686206
456	0.7782029189	0.3973762986	0.8174540851	0.8393223985
457	0.778128286	0.3973579826	0.8173979935	0.8392793762
458	0.7782839787	0.397294764	0.8174941505	0.8393116429
459	0.778246099	0.3972288062	0.8174540851	0.839257865
460	0.7782455287	0.3970948616	0.8174420655	0.8392255983
461	0.7783125611	0.3970598103	0.8174901439	0.839257865
462	0.7784093121	0.3970377313	0.8175582551	0.8393008873
463	0.7786185251	0.3968377459	0.8177225232	0.8394407099
464	0.7785812304	0.3968126121	0.8176944774	0.8394191987
465	0.7785684387	0.3967428261	0.8177265297	0.8395267545
466	0.7786278862	0.3967171222	0.8177665951	0.8395482657
467	0.7785678479	0.3966774297	0.8177145101	0.8394944878
468	0.7786209011	0.396522967	0.8177706016	0.8395697768
469	0.7787707104	0.3964633004	0.8178948043	0.8396880882
470	0.7786593974	0.3964190161	0.8178226866	0.8396558215
471	0.7786961051	0.3963645304	0.8178387128	0.8396450659
472	0.7787170465	0.3963263812	0.8178266932	0.8395805324
473	0.7789180693	0.3962847328	0.8179709286	0.8396773326
474	0.7790602616	0.3962177149	0.8180871182	0.8397848884
475	0.7791936088	0.3961772421	0.8181712555	0.8398171551
476	0.7791481184	0.3961485557	0.818123177	0.8397526217
477	0.7790381368	0.3961055694	0.8180750986	0.8397848884
478	0.7791632813	0.3960640847	0.8181392032	0.8397741328
479	0.779253003	0.3960458537	0.8182113209	0.8398386663
480	0.7792675333	0.3959942077	0.8182153274	0.8398279107
481	0.7796920144	0.3957849905	0.8185278374	0.8400537779
482	0.7796920144	0.3957467827	0.8185278374	0.8400537779
483	0.7796768451	0.3955765792	0.8185118113	0.8400322667
484	0.7796857518	0.3954257887	0.8185438636	0.8401075558
485	0.7796953228	0.3953178466	0.8185879355	0.8402151116
486	0.7797256728	0.3952868007	0.8186199878	0.8402581339
487	0.7797395192	0.3952347464	0.8186119747	0.8402151116
488	0.7797919647	0.3951810971	0.8186560467	0.8402581339
489	0.7797167585	0.3951598338	0.8185879355	0.8401828449
490	0.779835481	0.3951153406	0.8186680663	0.8402258672
491	0.7797843771	0.395089278	0.8186480336	0.8402473783
492	0.7799100085	0.3949825568	0.8187241578	0.8402688895
493	0.7799900787	0.3948924739	0.8187522036	0.8402258672
494	0.7801176986	0.3948624054	0.8188643867	0.8403441785
495	0.7801101103	0.3948332535	0.8188563736	0.840333423
496	0.780125287	0.3947892308	0.8188723998	0.8403549341
497	0.7800728567	0.3947292261	0.8188283278	0.8403119118
498	0.7802363468	0.394680184	0.8189445175	0.8403872009
499	0.7803646728	0.3946310322	0.8190687202	0.840537779
500	0.7803426037	0.3945267318	0.8190567005	0.840537779
501	0.7804633652	0.3944515978	0.8191728902	0.8406776015
502	0.7804757065	0.3944074721	0.8191408378	0.8405700457
503	0.7804923128	0.3943243581	0.8191809032	0.8406560903
504	0.7804716687	0.3942517557	0.8191929229	0.8407206238
505	0.7805013304	0.3942106707	0.8192129555	0.8407313794
506	0.7805819954	0.3941365251	0.8192530209	0.8407206238
507	0.7806358719	0.3940463042	0.8193211321	0.8408281796
508	0.780480685	0.3939201944	0.8192249752	0.8407959129
509	0.7806159685	0.3937899846	0.8193451713	0.8409249798
510	0.7806449102	0.393771208	0.8193531844	0.8409034687
511	0.7806821665	0.3937505192	0.8193812302	0.8409249798
512	0.7808061943	0.3937035611	0.8194333152	0.8408819575
513	0.7808647529	0.39364186	0.8194613609	0.8408712019
514	0.7809179202	0.3935600477	0.8195174525	0.840946491
515	0.7807628137	0.3935204065	0.8194212956	0.8409142243
516	0.7808076583	0.3934751618	0.8194573544	0.840946491
517	0.7808943959	0.3933522918	0.8194813936	0.8408819575
518	0.7809536777	0.3933161377	0.819521459	0.8409034687
519	0.7809103244	0.3932590134	0.8195094394	0.8409357354
520	0.7811474334	0.3931824721	0.819669701	0.84102178
521	0.7810874153	0.3931350066	0.8196176159	0.8409680022
522	0.7812279704	0.3930643681	0.8197097663	0.8410110245
523	0.7811314884	0.3930104285	0.8196416552	0.8409680022
524	0.7812811474	0.3929513227	0.8197658579	0.8410863135
525	0.7813928162	0.3928668853	0.8198499952	0.841150847
526	0.7813115376	0.3928199644	0.8197979102	0.8411293358
527	0.7812834329	0.3927268031	0.8198019167	0.8411831137
528	0.7812834329	0.3926878528	0.8198019167	0.8411831137
529	0.781313065	0.39268061	0.8198219494	0.8411938693
530	0.7811937715	0.3925723323	0.819729799	0.8411185803
531	0.7813419301	0.3924632677	0.8198299625	0.8411723582
532	0.7812317628	0.3924227941	0.8197698644	0.8411723582
533	0.7812089676	0.3923606534	0.8197458252	0.8411400914
534	0.7812689968	0.3923139697	0.8197979102	0.8411938693
535	0.7813875233	0.3922839371	0.819878041	0.8412368916
536	0.7814619772	0.3921411	0.8199341325	0.841279914
537	0.7813951227	0.3921277333	0.819886054	0.8412476472
538	0.7814467779	0.3920307511	0.8199181063	0.8412584028
539	0.7816625097	0.3919716248	0.8200783679	0.8413767142
540	0.7817581659	0.3919223577	0.8201344594	0.8413874697
541	0.7819086096	0.3917777132	0.8202706818	0.8415380479
542	0.7820210516	0.3917015496	0.8203668387	0.8416348481
543	0.7820658674	0.3916194084	0.8204028975	0.8416671148
544	0.7819754299	0.3915718991	0.8203187602	0.8415703146
545	0.7819442149	0.3915034315	0.8202746883	0.8414950255
546	0.7820610019	0.3914508163	0.8203307798	0.8414735144
547	0.7820762053	0.3914097477	0.820346806	0.8414950255
548	0.7820677925	0.3913154962	0.8203267733	0.8414520032
549	0.7820534005	0.391151812	0.8203227668	0.8414627588
550	0.7820534005	0.3911245311	0.8203227668	0.8414627588
551	0.7821193759	0.3910621959	0.8203588256	0.8414627588
552	0.7820973856	0.3910413738	0.820346806	0.8414627588
553	0.7822765618	0.3909865347	0.8204910414	0.8415918258
554	0.7821446277	0.3908888394	0.8204189237	0.8415918258
555	0.7822866392	0.3908409037	0.8205351133	0.8416993816
556	0.7825013607	0.3907906916	0.8206833552	0.8417854262
557	0.7824430263	0.3907374498	0.8206553095	0.8417961818
558	0.7824278153	0.3907144355	0.8206392833	0.8417746706
559	0.782679683	0.3906075399	0.820815571	0.8418822264
560	0.7826661677	0.3905499204	0.8208235841	0.8419252487
561	0.7827405395	0.3904982319	0.8208796756	0.841968271
562	0.7825410713	0.3903942098	0.8207474599	0.8419037376
563	0.7826898402	0.3903623319	0.8208596429	0.8419897822
564	0.782890996	0.3903152623	0.8210158979	0.8421188492
565	0.7828318421	0.3902682704	0.8209758326	0.842097338
566	0.7827887579	0.390231485	0.8209638129	0.8421296047
567	0.782713517	0.3901867607	0.8208957018	0.8420543157
568	0.7830034166	0.3901025563	0.8211120549	0.8422156494
569	0.7830397279	0.3900380006	0.821128081	0.8422048938
570	0.7831055997	0.3900013046	0.8211641399	0.8422048938
571	0.7830160257	0.3899571482	0.8210920222	0.8421403603
572	0.7831647279	0.3899374317	0.8212042053	0.8422264049
573	0.783408795	0.389753604	0.8213724799	0.8423232052
574	0.7833505813	0.3897130171	0.8213444341	0.8423339607
575	0.7834687939	0.3896508712	0.8214245649	0.8423769831
576	0.7834840189	0.3896228769	0.821440591	0.8423984942
577	0.7835440209	0.3895756897	0.821492676	0.8424522721
578	0.7836259583	0.3895192862	0.8215567807	0.84250605
579	0.7836555044	0.3894862952	0.8215768134	0.8425168056
580	0.7835668617	0.3894733968	0.8215167153	0.8424845389
581	0.7836954039	0.3894198201	0.821640918	0.842635117
582	0.7837468844	0.3893847934	0.8216729703	0.8426458725
583	0.7836819982	0.3893389117	0.8216489311	0.8426781393
584	0.7837182521	0.3893103682	0.8216649572	0.8426673837
585	0.7839202328	0.3892583161	0.8218332318	0.8428287174
586	0.7839059235	0.3892301405	0.8218292253	0.842839473
587	0.7839650146	0.3891780333	0.8218692907	0.8428609841
588	0.7841775196	0.3890874267	0.8219934934	0.8428824953
589	0.7841127171	0.3890061443	0.8219694541	0.842914762
590	0.7839984455	0.3889341244	0.821849258	0.8427534283
591	0.7840203632	0.3888844226	0.8218612776	0.8427534283
592	0.7839689094	0.3888399524	0.8218292253	0.8427426728
593	0.7842432485	0.3886816224	0.8220295522	0.8428824953
594	0.7842861097	0.3886159995	0.8220415718	0.8428502286
595	0.7843603852	0.3884700139	0.8220976634	0.8428932509
596	0.7843594301	0.3884258099	0.8220856438	0.8428609841
597	0.7843222952	0.3883795455	0.822057598	0.842839473
598	0.7844936847	0.3883441512	0.8221938203	0.8429577844
599	0.7845032321	0.3882648016	0.8222258726	0.8430330734
600	0.7846289075	0.3882134702	0.8223140165	0.8430868513
601	0.7845556095	0.388175755	0.8222699445	0.8430760957
602	0.7846812809	0.3881491636	0.8223580884	0.8431298736
603	0.7846736597	0.388118298	0.8223500753	0.843119118
604	0.7847346336	0.3880170286	0.8224141799	0.8432051627
605	0.784683232	0.3879692951	0.8223821276	0.8431944071
606	0.7847756916	0.3878315476	0.8224903042	0.8433557408
607	0.7848575967	0.3878030389	0.8225544088	0.8434095187
608	0.7851536698	0.3877329808	0.8227667553	0.8435493412
609	0.7851831706	0.3877144889	0.822786788	0.8435600968
610	0.7854114974	0.3876295599	0.8229390365	0.8436353859
611	0.7853362467	0.3875102425	0.8228709254	0.8435600968
612	0.7854999563	0.3873971068	0.8229991346	0.8436676526
613	0.7855436661	0.38733675	0.8230231738	0.8436676526
614	0.7855828385	0.3872577231	0.8230752588	0.8437536972
615	0.7855838707	0.3872104852	0.8230872784	0.843785964
616	0.7855925331	0.3871463429	0.8231073111	0.8438289863
617	0.7855325266	0.3870919086	0.8230552261	0.8437752084
618	0.7854877794	0.3870468254	0.8230191673	0.8437429417
619	0.7856220196	0.3869404151	0.8231273438	0.8438397419
620	0.7856449106	0.3869112046	0.8231513831	0.8438720086
621	0.7860128453	0.3868208925	0.8233957819	0.84399032
622	0.786029169	0.3866721531	0.8234238277	0.8440440979
623	0.7860902329	0.3866466004	0.8234879323	0.8441301425
624	0.7860225965	0.3865879498	0.8234278342	0.844065609
625	0.786200468	0.386528793	0.82356005	0.8441624092
626	0.7861131343	0.3864913733	0.8235119715	0.8441624092
627	0.786142604	0.3864380095	0.8235320042	0.8441731648
628	0.7861720722	0.3863996886	0.8235520369	0.8441839204
629	0.7862681031	0.386355234	0.8236201481	0.8442269427
630	0.7862091735	0.386350384	0.8235800827	0.8442054316
631	0.7862310045	0.3863174099	0.8235921023	0.8442054316
632	0.7865070349	0.38628476	0.8238164685	0.8444097876
633	0.7864186561	0.3862332856	0.8237563704	0.8443775208
634	0.7864852137	0.3861776315	0.8238044489	0.8444097876
635	0.7865299464	0.3861690135	0.8238405077	0.8444420543
636	0.7864699399	0.3860944101	0.8237884227	0.8443882764
637	0.7865943049	0.3859723624	0.8238645469	0.8444097876
638	0.7865419436	0.3859566838	0.823820475	0.8443667653
639	0.7866019417	0.3859497883	0.82387256	0.8444205432
640	0.7867862621	0.3858672349	0.8240007693	0.8444958322
641	0.7868887465	0.3858384403	0.8240648739	0.8445173434
642	0.7870457998	0.3858083177	0.8241970897	0.8446464103
643	0.7870305213	0.3857769136	0.8241810635	0.8446248992
644	0.7870687187	0.3857412291	0.8242211289	0.8446786771
645	0.7869073681	0.3857005505	0.8241169589	0.8446356547
646	0.7868615335	0.3856410908	0.8240688804	0.8445711213
647	0.7868561193	0.3855931916	0.8240849066	0.8446248992
648	0.7870556885	0.3855436523	0.824229142	0.8447216994
649	0.7871451246	0.3854985108	0.8243012597	0.8447862329
650	0.7871091759	0.3854604471	0.8242852335	0.8447969884
651	0.7871833331	0.3854263543	0.824341325	0.8448400108
652	0.7872639907	0.3853754975	0.82439341	0.8448615219
653	0.78739393	0.3853208653	0.8245296324	0.8450443668
654	0.7875051576	0.3852881167	0.8246137697	0.8451089002
655	0.787636992	0.3852517894	0.824697907	0.845141167
656	0.7877481885	0.3852228719	0.8247820443	0.8452057005
657	0.7876499592	0.3851569553	0.8246898939	0.8450981447
658	0.7876728949	0.3851038294	0.8247139331	0.8451304114
659	0.7880076093	0.3850459346	0.8249783647	0.8453562786
660	0.7879923132	0.3850112659	0.8249623385	0.8453347674
661	0.7878376083	0.3849699871	0.824854162	0.8452702339
662	0.7877393744	0.3849092319	0.8247620116	0.8451626781
663	0.7878646713	0.3848337302	0.8248501555	0.845216456
664	0.7878505535	0.3847799619	0.8248461489	0.8452272116
665	0.7880434783	0.3846904073	0.8249943908	0.845345523
666	0.7879834824	0.3846013559	0.8249423058	0.8452917451
667	0.7879770177	0.3845793877	0.8249463124	0.8453132563
668	0.7880740712	0.3845399437	0.8250264432	0.8453885453
669	0.788218685	0.3844955775	0.8251025674	0.8453777897
670	0.7882492783	0.3844209001	0.8251346197	0.845420812
671	0.7882774713	0.3843843621	0.8251426328	0.8453993009
672	0.7884972621	0.3843020615	0.8252868682	0.8454638344
673	0.7886377194	0.3842458391	0.8253910382	0.8455391234
674	0.7884014668	0.3841517782	0.825218757	0.845420812
675	0.7884972621	0.3841047191	0.8252868682	0.8454638344
676	0.7885021225	0.3840078478	0.8253349466	0.8455929013
677	0.7885391601	0.3839939487	0.8253629924	0.8456144125
678	0.7884409215	0.3839383373	0.825270842	0.8455068567
679	0.7885927205	0.3838996428	0.8254190839	0.8456897015
680	0.7885480295	0.3838871266	0.8253830251	0.8456574348
681	0.7887255615	0.3838628219	0.8255152409	0.845754235
682	0.7889196138	0.3837611723	0.8256755024	0.8459048131
683	0.7888238234	0.3837351844	0.8256073913	0.8458617908
684	0.7889489897	0.3836479744	0.8256955351	0.8459155687
685	0.7889554005	0.3835804831	0.8256915286	0.8458940575
686	0.7889489897	0.38354315	0.8256955351	0.8459155687
687	0.7890077373	0.3834753708	0.8257356005	0.8459370799
688	0.788963055	0.3834601746	0.8256995417	0.8459048131
689	0.7890971006	0.3834226889	0.8258077182	0.8460016133
690	0.789089445	0.3833745281	0.8257997051	0.8459908578
691	0.7890319513	0.3832643642	0.8257716593	0.8460016133
692	0.7891570941	0.383208477	0.8258598032	0.8460553912
693	0.7892796865	0.3830962768	0.8259239078	0.8460446357
694	0.7894456031	0.3830465481	0.8260761563	0.8462167249
695	0.7893856131	0.3830244282	0.8260240713	0.846162947
696	0.7894060419	0.3829759789	0.8260240713	0.8461306803
697	0.7895106964	0.3828998702	0.8261122151	0.8462167249
698	0.7896587344	0.3828202689	0.8262243982	0.8463027696
699	0.7896549383	0.3827277624	0.826252444	0.8463888142
700	0.789824672	0.3826521378	0.8263766467	0.8464748588
701	0.7897302567	0.3825918544	0.8263205551	0.8464641033
702	0.7898183088	0.3825639261	0.8263806532	0.84649637
703	0.7898425942	0.3825127553	0.8264167121	0.8465609035
704	0.7901806931	0.3824205085	0.8266530979	0.846700726
705	0.7900926811	0.3823132154	0.8265929998	0.8466684593
706	0.7900696906	0.3822634414	0.8265689605	0.8466361925
707	0.7901896785	0.3821823159	0.8266731305	0.8467437483
708	0.7902916859	0.3821485732	0.8267372352	0.8467652595
709	0.790322346	0.3821238993	0.8267692875	0.8468082818
710	0.7903516769	0.3820804688	0.8267893202	0.8468190374
711	0.7902763567	0.3820345802	0.826721209	0.8467437483
712	0.7901690691	0.3819308285	0.8266090259	0.8465931702
713	0.7902813671	0.3818563354	0.8267051829	0.8466899704
714	0.7903553472	0.3818195728	0.8267612744	0.8467329927
715	0.7904076646	0.3817659901	0.8268053463	0.8467760151
716	0.7904153293	0.3817457714	0.8268133594	0.8467867706
717	0.7905109595	0.3816840099	0.8268814706	0.846829793
718	0.7905772615	0.3816496155	0.826929549	0.8468620597
719	0.7903936695	0.3816034957	0.8268013398	0.8467867706
720	0.7904676477	0.3815282435	0.8268574313	0.846829793
721	0.7905736314	0.3814551442	0.8269575948	0.8469481043
722	0.7905073174	0.3814420868	0.8269095163	0.8469158376
723	0.7906742232	0.3813805874	0.8270096798	0.8469373487
724	0.7905389355	0.3813317333	0.8268894836	0.8468082818
725	0.7907621605	0.3812633898	0.8270697779	0.8469696155
726	0.7906155912	0.3811838775	0.8269696144	0.8469158376
727	0.7905646197	0.3811369722	0.8269375621	0.846905082
728	0.7907188706	0.3810804396	0.8270457386	0.8469696155
729	0.7907969064	0.3810434316	0.827137889	0.847109438
730	0.7910007126	0.3809929718	0.8272660983	0.8471524603
731	0.7908758151	0.3809686074	0.8271779544	0.8470986824
732	0.7910962888	0.3809056449	0.8273342094	0.8471954827
733	0.7911660795	0.3807992979	0.8273542421	0.8471417048
734	0.7911395473	0.3806765994	0.8273582487	0.8471954827
735	0.7912602306	0.3805810564	0.8274103337	0.8471524603
736	0.7913710897	0.3805396096	0.827494471	0.8472169938
737	0.7917530568	0.380454414	0.8277669156	0.8473890831
738	0.7916555617	0.3803303371	0.8277388698	0.8474643721
739	0.791547521	0.3802275466	0.8276787718	0.8474643721
740	0.7915580072	0.3801462493	0.8277108241	0.8475396612
741	0.7915273133	0.3801218857	0.8276787718	0.8474966389
742	0.7916598005	0.3800840559	0.8277749287	0.8475611724
743	0.7917922672	0.3800507407	0.8278710856	0.8476257058
744	0.7918090391	0.3800065015	0.8278991314	0.8476794837
745	0.7917965323	0.3799585106	0.8279071445	0.8477225061
746	0.7917010034	0.3799367365	0.8278390333	0.8476794837
747	0.7917783389	0.379874869	0.8278670791	0.8476364614
748	0.7919722003	0.3798124357	0.8280273406	0.8477870395
749	0.7919290031	0.379722127	0.8280033014	0.8477870395
750	0.7919659561	0.3796895972	0.8280313472	0.8478085507
751	0.7919534658	0.3796604896	0.8280393602	0.847851573
752	0.7921583832	0.3796101378	0.8281795891	0.8479268621
753	0.7920998425	0.3795961035	0.8281395237	0.8479053509
754	0.7922845789	0.3795183382	0.8282797526	0.8480129067
755	0.7923954078	0.379471045	0.8283638899	0.8480774402
756	0.7923507861	0.3794439477	0.828327831	0.8480451734
757	0.7924184489	0.3794108376	0.8283879291	0.8481097069
758	0.792403088	0.3794046199	0.8283719029	0.8480881958
759	0.7923584659	0.3793642276	0.8283358441	0.848055929
760	0.7924831851	0.379312797	0.8284239879	0.8481097069
761	0.7925095085	0.3792715557	0.8284199814	0.848055929
762	0.7924294256	0.3792467836	0.8283678964	0.8480344179
763	0.7924447847	0.3792429072	0.8283839226	0.848055929
764	0.7922908055	0.379201424	0.828275746	0.8479913955
765	0.7923215229	0.3791551393	0.8283077983	0.8480344179
766	0.7924539274	0.3791127919	0.8284039553	0.8480989513
767	0.7925493769	0.3790374655	0.8284720664	0.8481419736
768	0.792547908	0.3790108635	0.8284600468	0.8481097069
769	0.7927585672	0.3789664902	0.8286483541	0.8483140629
770	0.7927139514	0.3788809532	0.8286122953	0.8482817962
771	0.7927570852	0.3788691696	0.8286363345	0.8482817962
772	0.7927062689	0.3788383986	0.8286042822	0.8482710406
773	0.7925585272	0.3787481727	0.8284920991	0.848184996
774	0.7925662087	0.3786985295	0.8285001122	0.8481957515
775	0.7923445625	0.378664045	0.8283318376	0.8480666846
776	0.7923522427	0.37862853	0.8283398506	0.8480774402
777	0.7923061639	0.3785647683	0.8282917722	0.8480129067
778	0.7923152977	0.3785415785	0.8283118049	0.848055929
779	0.7923229778	0.3785113424	0.8283198179	0.8480666846
780	0.7923536996	0.3785007462	0.8283518703	0.8481097069
781	0.7924184489	0.3784212438	0.8283879291	0.8481097069
782	0.7924784337	0.3784030886	0.8284400141	0.8481634848
783	0.7925461022	0.3783808561	0.8285001122	0.8482280183
784	0.7926799717	0.3783290099	0.8286082887	0.8483248185
785	0.7927369997	0.3782996657	0.8286363345	0.8483140629
786	0.7927169104	0.378240761	0.8286363345	0.8483463297
787	0.7926660818	0.3782098802	0.8286042822	0.8483355741
788	0.7926982958	0.3781666619	0.8286483541	0.8484108631
789	0.7928244948	0.3780944119	0.8287485176	0.8484969078
790	0.7928014385	0.3780662386	0.8287244783	0.848464641
791	0.7929630707	0.3780318123	0.828840668	0.8485399301
792	0.7929199422	0.3779559591	0.8288166287	0.8485399301
793	0.792964566	0.3779196533	0.8288526876	0.8485721968
794	0.7929199422	0.3779040536	0.8288166287	0.8485399301
795	0.7927506095	0.3778704841	0.828692426	0.8484538855
796	0.79275533	0.3778420054	0.8286763999	0.8484001076
797	0.7929754509	0.3777794574	0.8288326549	0.8484969078
798	0.7930508105	0.3777098958	0.8289007661	0.8485721968
799	0.7932939238	0.3776251355	0.8290810603	0.8487012638
800	0.7933077829	0.3775738677	0.8290850668	0.8486905082
801	0.793330846	0.3775597183	0.8291091061	0.8487227749
802	0.7932000349	0.3774569304	0.8290249687	0.8486905082
803	0.7934277533	0.3773336646	0.8291892368	0.848798064
804	0.7934569839	0.3773104544	0.8292092695	0.8488088196
805	0.793464673	0.3772964808	0.8292172826	0.8488195752
806	0.793613877	0.3772649977	0.8293414853	0.8489378865
807	0.7935031205	0.3771997806	0.829257348	0.8488733531
808	0.7934661996	0.3771297261	0.8292293022	0.8488518419
809	0.7935877182	0.3770573694	0.8293454918	0.8489916644
810	0.7936246408	0.3770382898	0.8293735376	0.8490131756
811	0.7937246238	0.3769501571	0.8294256226	0.84900242
812	0.7937323152	0.3769200642	0.8294336357	0.8490131756
813	0.7938507454	0.3768150469	0.8295257861	0.8490884646
814	0.793930703	0.3767383143	0.8295778711	0.8491099758
815	0.7939999419	0.3766764356	0.8296499888	0.849206776
816	0.7939707258	0.3766206617	0.8296299561	0.8491960204
817	0.7939476451	0.3765843498	0.8296059169	0.8491637537
818	0.794132181	0.3765201507	0.8297461457	0.8492713095
819	0.794109098	0.376504725	0.8297221065	0.8492390428
820	0.7940921443	0.3764611168	0.8296940607	0.8491852649
821	0.7942351944	0.3764335566	0.8298222699	0.8493250874
822	0.7941982928	0.3763495101	0.8297942242	0.8493035762
823	0.7942951817	0.3762567558	0.8298743549	0.8493788653
824	0.7941613902	0.3761980515	0.8297661784	0.8492820651
825	0.7941844748	0.3761641495	0.8297902176	0.8493143318
826	0.7943243859	0.3760885582	0.8298943876	0.8493896209
827	0.7942428896	0.3760442042	0.829830283	0.849335843
828	0.7941491398	0.3760158429	0.8297741915	0.8493250874
829	0.7940184525	0.3759893178	0.8296900542	0.8492928207
830	0.7942059878	0.375960727	0.8298022373	0.8493143318
831	0.7943089943	0.3759292513	0.8298783615	0.8493681097
832	0.7943997675	0.3758730471	0.8299624988	0.8494649099
833	0.7945303683	0.3758163424	0.8300466361	0.8494971767
834	0.7945303683	0.3757996638	0.8300466361	0.8494971767
835	0.794342941	0.3757631618	0.829934453	0.8494756655
836	0.7942890641	0.3757131257	0.8298783615	0.8494003764
837	0.7945964535	0.3756677197	0.8300947146	0.8495294434
838	0.7946625336	0.3756377459	0.830142793	0.8495617101
839	0.7946625336	0.375613354	0.830142793	0.8495617101
840	0.794550546	0.3755578434	0.8300987211	0.849615488
841	0.794550546	0.37554919	0.8300987211	0.849615488
842	0.7946750378	0.3755255042	0.830186865	0.8496692659
843	0.7948688137	0.3754734026	0.8303471265	0.849819844
844	0.7949271922	0.3754654896	0.8303871919	0.8498413552
845	0.7948319212	0.3754256167	0.8303190807	0.8497983329
846	0.7950625896	0.3753663601	0.8305073881	0.8499704222
847	0.7952085019	0.3753199875	0.8306075515	0.8500242001
848	0.7951898256	0.3752444673	0.8305674861	0.8499381554
849	0.7952789845	0.3752382731	0.8306396038	0.8500026889
850	0.7951898256	0.3752197654	0.8305674861	0.8499381554
851	0.7953125757	0.3751853066	0.8306436104	0.8499596666
852	0.7955689829	0.3751405395	0.8308279112	0.850077978
853	0.7954644486	0.3750362629	0.8307397673	0.8499919333
854	0.79551837	0.3750011832	0.8307958588	0.8500672224
855	0.7955843904	0.3749862284	0.8308439373	0.8500994891
856	0.7955018742	0.3749403216	0.8308198981	0.8501640226
857	0.7954925158	0.3749183674	0.8307998654	0.8501210003
858	0.7955002203	0.3748342968	0.8308078785	0.8501317558
859	0.7956905944	0.3747755198	0.8309441008	0.8502178005
860	0.7956383216	0.3747012489	0.8309000288	0.8501747782
861	0.7956014584	0.3746949877	0.8308719831	0.850153267
862	0.7959623345	0.3745975134	0.8311444277	0.850357623
863	0.795950284	0.3744983724	0.8311524408	0.8504006453
864	0.7958397087	0.3743829107	0.8310683035	0.8503361119
865	0.7959579918	0.3743605297	0.8311604539	0.8504114009
866	0.7960548295	0.374344643	0.8312405846	0.85048669
867	0.7961620015	0.374301693	0.8313006827	0.85048669
868	0.7961559875	0.3742541272	0.8313046893	0.8505082011
869	0.7961328615	0.3742423549	0.83128065	0.8504759344
870	0.7962048601	0.3742127923	0.8313247219	0.85048669
871	0.7961482787	0.3741838606	0.8312966762	0.8504974455
872	0.7963033786	0.3741154323	0.8314168723	0.8505942458
873	0.7963265089	0.3740337362	0.8314409116	0.8506265125
874	0.7965441301	0.3739198389	0.831585147	0.850691046
875	0.7965364194	0.3739149434	0.8315771339	0.8506802904
876	0.7965381376	0.3738831604	0.8315891535	0.8507125571
877	0.7966991748	0.3738598516	0.8317053431	0.8507878462
878	0.7965261507	0.3737918966	0.8315971666	0.8507555795
879	0.79662551	0.3737135961	0.8316492516	0.8507448239
880	0.7966289579	0.3736497154	0.8316732908	0.8508093574
881	0.7965938412	0.373594362	0.8316572647	0.8508201129
882	0.7964156214	0.3735233398	0.8315130293	0.850691046
883	0.796460177	0.3734579816	0.8315490881	0.8507233127
884	0.7964910242	0.3734215903	0.8315811404	0.850766335
885	0.7964893087	0.373351685	0.8315691208	0.8507340683
886	0.7965733158	0.3732422977	0.83169733	0.850970691
887	0.796581031	0.3731516044	0.8317053431	0.8509814466
888	0.7966624536	0.3731151735	0.8317694477	0.8510352245
889	0.7966898609	0.373075059	0.8317774608	0.8510137134
890	0.7966975764	0.3730581398	0.8317854739	0.8510244689
891	0.7967558407	0.3730370584	0.8318255393	0.8510459801
892	0.7967772549	0.3730060343	0.8318375589	0.8510459801
893	0.7968389858	0.3729686373	0.8319016635	0.8511320247
894	0.7968081192	0.3729508984	0.8318696112	0.8510890024
895	0.7968158356	0.3729449065	0.8318776243	0.851099758
896	0.7968389858	0.3729054099	0.8319016635	0.8511320247
897	0.7968698549	0.3728907152	0.8319337158	0.8511750471
898	0.7968252892	0.3728812245	0.831897657	0.8511427803
899	0.7967799434	0.3728227157	0.8319016635	0.851228825
900	0.7967276479	0.3728134416	0.8318575916	0.8511858026
901	0.7967782088	0.3727918604	0.8318896439	0.8511965582
902	0.7967782088	0.3727647779	0.8318896439	0.8511965582
903	0.7968621374	0.3727057623	0.8319257027	0.8511642915
904	0.7969435486	0.3726806866	0.8319898074	0.8512180694
905	0.797104607	0.3726466305	0.832105997	0.8512933584
906	0.7969744221	0.3725795409	0.8320218597	0.8512610917
907	0.7970095196	0.3725643683	0.8320378858	0.8512503361
908	0.797104607	0.3725524392	0.832105997	0.8512933584
909	0.7971842442	0.3725367556	0.832158082	0.8513148696
910	0.7973143706	0.3724648333	0.8322422193	0.8513471363
911	0.7974189051	0.3723929848	0.8323303632	0.851433181
912	0.7974420665	0.3723408291	0.8323544024	0.8514654477
913	0.7974147322	0.3723192401	0.8323463893	0.8514869589
914	0.7973856209	0.3722907114	0.8323263566	0.8514762033
915	0.7973642292	0.3722445802	0.832314337	0.8514762033
916	0.7974378961	0.3722396223	0.8323704285	0.8515192256
917	0.7974782836	0.3722086992	0.8324225135	0.8516052702
918	0.7974046097	0.3721882738	0.832366422	0.8515622479
919	0.7973790371	0.3721270918	0.8323704285	0.8516160258
920	0.7974372757	0.3721069566	0.8324104939	0.851637537
921	0.7975596766	0.3720686461	0.8324866182	0.8516590481
922	0.7976428547	0.3720146743	0.8325627424	0.8517450928
923	0.7977788644	0.3719911557	0.8326428732	0.8517558483
924	0.7977343145	0.3719718036	0.8326068143	0.8517235816
925	0.7978138902	0.3719145141	0.8326588993	0.8517450928
926	0.7978002401	0.3718507027	0.8326548928	0.8517558483
927	0.7978661606	0.3718244769	0.8327029712	0.8517881151
928	0.7978720829	0.3718020156	0.8326989647	0.8517666039
929	0.7978411869	0.3717787088	0.8326669124	0.8517235816
930	0.7980852536	0.3717412067	0.8328592263	0.8518849153
931	0.7979398011	0.3716923885	0.8327590628	0.8518311374
932	0.7979552518	0.3716866137	0.8327750889	0.8518526486
933	0.7979843453	0.3716521514	0.8327951216	0.8518634041
934	0.798028889	0.3716347242	0.8328311805	0.8518956709
935	0.7980425281	0.3716137186	0.832835187	0.8518849153
936	0.7981470635	0.3715877681	0.8329233309	0.8519709599
937	0.7980734322	0.3715653521	0.8328672393	0.8519279376
938	0.7981702447	0.3715476523	0.8329473701	0.8520032267
939	0.7981547904	0.3715308149	0.832931344	0.8519817155
940	0.7981566106	0.3715050633	0.8329433636	0.8520139823
941	0.798208883	0.3714567781	0.8329874355	0.8520570046
942	0.7982166111	0.3714084954	0.8329954486	0.8520677602
943	0.7981838776	0.3713726803	0.8329513766	0.8519924711
944	0.7982420476	0.3713389391	0.832991442	0.8520139823
945	0.798245699	0.3712911202	0.8330154813	0.8520785157
946	0.7983193277	0.3712523711	0.8330715728	0.852121538
947	0.7983929522	0.3712329666	0.8331276643	0.8521645604
948	0.7984470606	0.3711768428	0.8331837559	0.8522398494
949	0.7985593401	0.3710830877	0.8332799128	0.8523366496
950	0.7985361462	0.3710550067	0.8332558736	0.8523043829
951	0.7987764742	0.3709619992	0.8334241482	0.8524011831
952	0.7989508628	0.3708852907	0.8335443444	0.8524657166
953	0.799086316	0.3708326683	0.8336645405	0.8525947835
954	0.7990204619	0.3707938859	0.8336164621	0.8525625168
955	0.7990340549	0.3707801792	0.8336204686	0.8525517612
956	0.7990767042	0.3707303513	0.8336445078	0.8525517612
957	0.799115588	0.3706635688	0.8336445078	0.8524872277
958	0.7991427562	0.3705977972	0.8336525209	0.8524657166
959	0.7991059766	0.3705321747	0.8336244751	0.8524442054
960	0.7990556088	0.3705232576	0.8335924228	0.8524334499
961	0.7991078556	0.3705001064	0.8336364948	0.8524764722
962	0.7991891513	0.3704790646	0.8337005994	0.8525302501
963	0.7992395106	0.3704735216	0.8337326517	0.8525410056
964	0.7992472437	0.3704585801	0.8337406648	0.8525517612
965	0.7993266384	0.3704234616	0.8337927498	0.8525732724
966	0.7992994882	0.3703662226	0.8337847367	0.8525947835
967	0.7992955361	0.3703331878	0.8338007628	0.8526485614
968	0.7993593125	0.3702936227	0.8338768871	0.8527668728
969	0.7993728891	0.3702734583	0.8338808936	0.8527561172
970	0.7994038344	0.3702341597	0.8339129459	0.8527991396
971	0.7994541918	0.3701860714	0.8339449982	0.8528098951
972	0.7994019364	0.3701593336	0.8339009263	0.8527668728
973	0.7993031022	0.3701328423	0.8338488413	0.8527776284
974	0.7994096727	0.3700522389	0.8339089394	0.8527776284
975	0.799612872	0.3699618737	0.8340892336	0.8529712288
976	0.799612872	0.3699530522	0.8340892336	0.8529712288
977	0.7995547813	0.3699322477	0.8340491682	0.8529497177
978	0.7996864354	0.36985709	0.8341453252	0.8530142511
979	0.7995547813	0.3697995744	0.8340491682	0.8529497177
980	0.7997038313	0.3697248813	0.8341733709	0.853068029
981	0.7997115715	0.3697023898	0.834181384	0.8530787846
982	0.7998277339	0.3696697798	0.8342615148	0.8531218069
983	0.7999051706	0.3696278886	0.8343015802	0.8531110514
984	0.799941942	0.3695999535	0.8343296259	0.8531325625
985	0.8000212862	0.3695576023	0.834381711	0.8531540737
986	0.8000870764	0.3695541178	0.8344297894	0.8531863404
987	0.7999709717	0.3695170109	0.8343496586	0.8531433181
988	0.8000522499	0.3694899304	0.8344137633	0.853197096
989	0.8001548063	0.3694504699	0.8344898875	0.8532508739
990	0.8001780324	0.3694143693	0.8345139267	0.8532831406
991	0.8001354686	0.3693667459	0.8344898875	0.8532831406
992	0.8002167455	0.3692952029	0.8345539921	0.8533369185
993	0.8001838725	0.3692145553	0.8345499856	0.8533799408
994	0.8003116275	0.3691754104	0.8346621687	0.8534982522
995	0.8005515373	0.3690987329	0.8348304433	0.8535950524
996	0.8005437912	0.3690932383	0.8348224302	0.8535842969
997	0.8005882979	0.3690645052	0.8348584891	0.8536165636
998	0.8007120881	0.3690432015	0.8349466329	0.8536703415
999	0.8007256016	0.3690218612	0.8349506394	0.8536595859
1000	0.8006618159	0.368975877	0.8349145806	0.8536595859
1001	0.8006482982	0.3689255464	0.8349105741	0.8536703415
1002	0.8006985733	0.3688765228	0.8349426264	0.8536810971
1003	0.8008010913	0.368861717	0.8350187506	0.853734875
1004	0.8007198351	0.3687811017	0.834954646	0.8536810971
1005	0.8008686274	0.3687378227	0.8350387833	0.8536810971
1006	0.8007701015	0.3687020232	0.8349866983	0.8536918526
1007	0.8007410955	0.3686849905	0.8349666656	0.8536810971
1008	0.8007855961	0.3686591514	0.8350027244	0.8537133638
1009	0.800739114	0.3685904456	0.834954646	0.8536488303
1010	0.8008416165	0.3685256719	0.8350307702	0.8537026082
1011	0.8010870722	0.3684654487	0.8351950383	0.8537778973
1012	0.8009461022	0.3683834126	0.8351189141	0.8537886529
1013	0.8009325994	0.3683666111	0.8351149075	0.8537994084
1014	0.8012225317	0.3682218569	0.8353152345	0.8539069642
1015	0.8013307157	0.3682038562	0.8353873522	0.853939231
1016	0.8012805014	0.3681554777	0.8353552998	0.8539284754
1017	0.8012727519	0.3681484523	0.8353472868	0.8539177198
1018	0.8014041738	0.3681338653	0.8354434437	0.8539822533
1019	0.8012862358	0.3681105699	0.8353512933	0.8539069642
1020	0.8012862358	0.3681051039	0.8353512933	0.8539069642
1021	0.8014698772	0.3680527759	0.8354915222	0.85401452
1022	0.8015355755	0.3680304647	0.8355396006	0.8540467868
1023	0.8015278248	0.368025748	0.8355315876	0.8540360312
1024	0.8014756009	0.3679953224	0.8354875156	0.8539930089
1025	0.801417651	0.3679723217	0.8354474502	0.8539714977
1026	0.8014641529	0.3679362233	0.8354955287	0.8540360312
1027	0.8014874059	0.3678712544	0.8355195679	0.8540682979
1028	0.8014776277	0.3678318066	0.8354995352	0.8540252756
1029	0.8016555299	0.3677585936	0.8356437706	0.8541543426
1030	0.8015628929	0.3676868059	0.8355876791	0.854143587
1031	0.8019011609	0.3676432472	0.8358481041	0.854347943
1032	0.8019280697	0.3676017072	0.8358561172	0.8543264318
1033	0.8017040866	0.3675480762	0.8357038687	0.8542511428
1034	0.8016461383	0.3675372356	0.8356638033	0.8542296316
1035	0.8017852912	0.3674575886	0.8357679733	0.8543049207
1036	0.8018877048	0.3674207023	0.8358440976	0.8543586986
1037	0.8018546363	0.3673700194	0.8358000256	0.8542834095
1038	0.8018546363	0.3673612317	0.8358000256	0.8542834095
1039	0.8019280697	0.3673146472	0.8358561172	0.8543264318
1040	0.8019280697	0.3673100208	0.8358561172	0.8543264318
1041	0.8019859898	0.3672993109	0.8358961826	0.854347943
1042	0.8019725392	0.3672746679	0.835892176	0.8543586986
1043	0.8020537216	0.367251736	0.8359562807	0.8544124765
1044	0.8020071934	0.3671924446	0.8359082022	0.854347943
1045	0.8019994392	0.3671924443	0.8359001891	0.8543371874
1046	0.8019958034	0.3671229685	0.8359162153	0.8543909653
1047	0.8021173229	0.3670809056	0.8359923395	0.8544124765
1048	0.8022372727	0.3670467507	0.8360965095	0.8545200323
1049	0.8023685801	0.3670014792	0.8361926664	0.8545845657
1050	0.8023029289	0.3669489449	0.836144588	0.854552299
1051	0.8023685801	0.3669223217	0.8361926664	0.8545845657
1052	0.8022662232	0.3668921637	0.8361165422	0.8545307878
1053	0.8022972503	0.3668814909	0.8361485945	0.8545738102
1054	0.8023360374	0.3668743738	0.8361886599	0.8546275881
1055	0.802291571	0.3667960941	0.836152601	0.8545953213
1056	0.8023840944	0.3667627568	0.8362086926	0.8546060769
1057	0.8023954411	0.366703283	0.8362006795	0.8545630546
1058	0.8026466508	0.36663852	0.8364010064	0.8547351439
1059	0.80265021	0.3665922621	0.8363849803	0.854681366
1060	0.8026135199	0.3665413962	0.8363569345	0.8546598548
1061	0.8026424522	0.3665298197	0.8363769672	0.8546706104
1062	0.8025556511	0.3665098088	0.8363168691	0.8546383436
1063	0.802565503	0.3664572611	0.8363369018	0.854681366
1064	0.8027087251	0.366403101	0.8364651111	0.8548211885
1065	0.8026932056	0.3663891118	0.8364490849	0.8547996773
1066	0.8027376602	0.3663179269	0.8364851438	0.8548319441
1067	0.8027778986	0.3662925192	0.8364971634	0.8547996773
1068	0.8026565098	0.3662659021	0.8364210391	0.8547781662
1069	0.8026797885	0.3662475813	0.8364450784	0.8548104329
1070	0.8026720288	0.3662436385	0.8364370653	0.8547996773
1071	0.8026586103	0.3662160824	0.8364330588	0.8548104329
1072	0.8026508505	0.3661934904	0.8364250457	0.8547996773
1073	0.8026875483	0.3661836605	0.8364530914	0.8548211885
1074	0.8027531805	0.3661349513	0.8365011699	0.8548534552
1075	0.8028244574	0.3660625285	0.8365452418	0.8548642108
1076	0.8028032866	0.3660562954	0.8365332222	0.8548642108
1077	0.8028209181	0.3659923155	0.836561268	0.8549179887
1078	0.8028999517	0.3659396292	0.836613353	0.8549394999
1079	0.8028865441	0.3659178177	0.8366093465	0.8549502554
1080	0.8028999517	0.3658826345	0.836613353	0.8549394999
1081	0.8028787828	0.3658691635	0.8366013334	0.8549394999
1082	0.8028808971	0.3658402244	0.836613353	0.8549717666
1083	0.8028943056	0.3658198733	0.8366173595	0.854961011
1084	0.8028653738	0.3657546827	0.8365973268	0.8549502554
1085	0.8029366418	0.3656954614	0.8366413988	0.854961011
1086	0.8029444034	0.3656864523	0.8366494118	0.8549717666
1087	0.8029810927	0.3656710436	0.8366774576	0.8549932778
1088	0.8029698089	0.3655993951	0.8366854707	0.8550363001
1089	0.8029853344	0.3655839706	0.8367014968	0.8550578112
1090	0.8031109371	0.3655264449	0.8368016603	0.8551438559
1091	0.8030453172	0.3655228048	0.8367535818	0.8551115891
1092	0.8030897736	0.3654969339	0.8367896407	0.8551438559
1093	0.8031476272	0.3654605455	0.8368297061	0.855165367
1094	0.8031765519	0.3654229392	0.8368497388	0.8551761226
1095	0.8031843162	0.3654132092	0.8368577519	0.8551868782
1096	0.8031476272	0.3653574559	0.8368297061	0.855165367
1097	0.8034164898	0.3652788754	0.8370580788	0.8553912342
1098	0.8033664142	0.3652209489	0.8370260265	0.8553804786
1099	0.8033685595	0.3651839306	0.8370380461	0.8554127454
1100	0.8035196287	0.3650601056	0.8371742684	0.8555633235
1101	0.8037354266	0.3650061312	0.8373185038	0.855627857
1102	0.8037686778	0.3649527295	0.8373625757	0.855703146
1103	0.8037397635	0.3649249978	0.837342543	0.8556923904
1104	0.8037842202	0.3648718759	0.8373786019	0.8557246572
1105	0.8038554124	0.3648089691	0.8374226738	0.8557354127
1106	0.8038398701	0.3647991068	0.8374066476	0.8557139016
1107	0.8038765498	0.3647886558	0.8374346934	0.8557354127
1108	0.8038998642	0.3647752792	0.8374587327	0.8557676795
1109	0.8040098991	0.3647325712	0.83754287	0.855832213
1110	0.8040276307	0.3647021023	0.8375709157	0.8558859909
1111	0.8040499722	0.3646458649	0.8375548896	0.8557999462
1112	0.8040944151	0.364618106	0.8375909484	0.855832213
1113	0.8040599323	0.3645757396	0.8375749223	0.8558429685
1114	0.8039921703	0.3645266645	0.8375148242	0.8557784351
1115	0.8041155406	0.3644710162	0.837602968	0.855832213
1116	0.8040167008	0.3644035739	0.8375108177	0.8557246572
1117	0.8039377728	0.3643514137	0.8374587327	0.855703146
1118	0.8039188203	0.3642787752	0.8374587327	0.8557354127
1119	0.8039576778	0.3642670418	0.837498798	0.8557891906
1120	0.8039654497	0.3642595163	0.8375068111	0.8557999462
1121	0.8039020429	0.3642253857	0.8374707523	0.8557999462
1122	0.8040310302	0.3642023073	0.8375548896	0.855832213
1123	0.8040422005	0.3641475991	0.8375468765	0.8557891906
1124	0.8040788711	0.3641387596	0.8375749223	0.8558107018
1125	0.8041310851	0.3641049717	0.8376189942	0.8558537241
1126	0.8041910727	0.3640635321	0.8376710792	0.855907502
1127	0.804152209	0.3640377472	0.8376310138	0.8558537241
1128	0.8041733315	0.3640200887	0.8376430334	0.8558537241
1129	0.8042966693	0.3640051236	0.8377311773	0.855907502
1130	0.8043321718	0.3639685536	0.8377872688	0.8560150578
1131	0.8043243975	0.3639322026	0.8377792557	0.8560043022
1132	0.8042644088	0.3638753479	0.8377271707	0.8559505243
1133	0.8042644088	0.3638715593	0.8377271707	0.8559505243
1134	0.8042699811	0.3638595707	0.8377231642	0.8559290132
1135	0.8041310851	0.3638134045	0.8376189942	0.8558537241
1136	0.8041599814	0.3637778017	0.8376390269	0.8558644797
1137	0.8044955113	0.3636836201	0.8378874323	0.856036569
1138	0.8044166324	0.3636286241	0.8378353473	0.8560150578
1139	0.8044010843	0.3635890943	0.8378193211	0.8559935467
1140	0.8045377242	0.3635583749	0.8379114715	0.856036569
1141	0.8045243928	0.3635421967	0.837907465	0.8560473245
1142	0.804571042	0.3634910928	0.8379555434	0.856111858
1143	0.8048176008	0.3634621167	0.8381318311	0.8562194138
1144	0.8048331538	0.3634485527	0.8381478573	0.856240925
1145	0.8047221189	0.363405561	0.8380917658	0.8562624361
1146	0.8046754577	0.3633495723	0.8380436873	0.8561979027
1147	0.8047098841	0.3633095631	0.8380597135	0.8561871471
1148	0.8048142941	0.3632616146	0.8381478573	0.8562731917
1149	0.8048142941	0.3632525036	0.8381478573	0.8562731917
1150	0.8049287267	0.3632031655	0.8382560338	0.8564022587
1151	0.8048742777	0.363186627	0.8381999423	0.8563269696
1152	0.8048842952	0.3631708633	0.838219975	0.8563699919
1153	0.8049709128	0.3631437013	0.8382800731	0.8564022587
1154	0.8051408417	0.3630976024	0.8384162954	0.85652057
1155	0.80499425	0.3630525595	0.8383041123	0.8564345254
1156	0.8049731579	0.362978607	0.8382920927	0.8564345254
1157	0.804934263	0.3629310254	0.8382520273	0.8563807475
1158	0.8049608898	0.3628774405	0.8382600404	0.8563592364
1159	0.8049109278	0.3628558777	0.8382279881	0.8563484808
1160	0.8049764464	0.3628364654	0.8382760665	0.8563807475
1161	0.8050231201	0.3627786911	0.838324145	0.856445281
1162	0.805067548	0.3627053343	0.8383602039	0.8564775477
1163	0.8049920037	0.3626607444	0.8382920927	0.8564022587
1164	0.8053694517	0.3626103561	0.8385645373	0.8565743479
1165	0.8053739909	0.3625736519	0.8385885766	0.8566388814
1166	0.8053817725	0.3625469594	0.8385965896	0.856649637
1167	0.8054683349	0.362533688	0.8386566877	0.8566819037
1168	0.8054317004	0.3625009326	0.8386286419	0.8566603926
1169	0.8054294271	0.3624836927	0.8386166223	0.8566281258
1170	0.8056514914	0.3624483236	0.8387969166	0.8567894595
1171	0.8055150291	0.3623981596	0.8387047662	0.8567464372
1172	0.8055594471	0.3623709724	0.838740825	0.856778704
1173	0.8057004831	0.3623286311	0.8388570146	0.8568862597
1174	0.8055905812	0.3622770958	0.8387728773	0.8568217263
1175	0.8055383783	0.3622325128	0.8387288054	0.856778704
1176	0.8055250914	0.3622210239	0.8387247989	0.8567894595
1177	0.8056716346	0.3621685951	0.838836982	0.8568755042
1178	0.8056262895	0.3621083334	0.8388289689	0.8569292821
1179	0.8056574325	0.3620661977	0.8388610212	0.8569723044
1180	0.8056963646	0.3620256958	0.8389010866	0.8570260823
1181	0.8056620095	0.3620063833	0.8388850604	0.8570368379
1182	0.8056075037	0.3619603069	0.8388289689	0.8569615488
1183	0.8056574325	0.3619504697	0.8388610212	0.8569723044
1184	0.8057252203	0.3619167822	0.8389211193	0.8570368379
1185	0.8059084166	0.3618491574	0.8390613481	0.8571443937
1186	0.8059816877	0.3618096049	0.8391174397	0.857187416
1187	0.8060183217	0.3618065313	0.8391454854	0.8572089271
1188	0.8061048492	0.3617847342	0.8392055835	0.8572411939
1189	0.8060604304	0.361769205	0.8391695247	0.8572089271
1190	0.8060206325	0.3617032221	0.839157505	0.8572411939
1191	0.8060728471	0.3616727527	0.839201577	0.8572842162
1192	0.8060650573	0.3616693601	0.8391935639	0.8572734606
1193	0.8060284219	0.3616443466	0.8391655181	0.8572519494
1194	0.806059581	0.3616084598	0.8391975704	0.8572949718
1195	0.806051791	0.3615578924	0.8391895574	0.8572842162
1196	0.8060962174	0.3615263202	0.8392256162	0.8573164829
1197	0.8061040078	0.3615180651	0.8392336293	0.8573272385
1198	0.8061718074	0.3614757929	0.8392937274	0.857391772
1199	0.8061850689	0.3614544029	0.8392977339	0.8573810164
1200	0.8062793833	0.3614315895	0.8393658451	0.8574240387
1201	0.8063183428	0.3613732711	0.8394059104	0.8574778166
1202	0.8064516129	0.3613069597	0.839514087	0.8575746168
1203	0.8064360263	0.3612692147	0.8394980608	0.8575531057
1204	0.8064048549	0.3612123688	0.8394660085	0.8575100834
1205	0.8063183428	0.361149364	0.8394059104	0.8574778166
1206	0.8063736858	0.3611108068	0.8394339562	0.857467061
1207	0.8063783523	0.3610621271	0.8394579954	0.8575315945
1208	0.8063783523	0.3610529075	0.8394579954	0.8575315945
1209	0.8063783523	0.3610413731	0.8394579954	0.8575315945
1210	0.8063970624	0.3610157605	0.8394579954	0.8574993278
1211	0.8064781084	0.360981528	0.8395221001	0.8575531057
1212	0.8064781084	0.3609787851	0.8395221001	0.8575531057
1213	0.80640252	0.3609057578	0.8394539889	0.8574778166
1214	0.8063425192	0.3608813057	0.8394019039	0.8574240387
1215	0.8063713531	0.3608676352	0.8394219366	0.8574347943
1216	0.8064290166	0.3608453848	0.839462002	0.8574563055
1217	0.8064890143	0.3608282413	0.839514087	0.8575100834
1218	0.8065965278	0.3608127794	0.8395862047	0.8575423501
1219	0.8067328359	0.3607544892	0.8396783551	0.8575853724
1220	0.8065653589	0.3607353565	0.8395541524	0.8574993278
1221	0.80647343	0.3607212286	0.8394980608	0.8574885722
1222	0.8066121132	0.3606739288	0.8396022308	0.8575638613
1223	0.8065568068	0.3606209226	0.8395741851	0.8575746168
1224	0.8065357709	0.3606115577	0.8395621655	0.8575746168
1225	0.8065490137	0.3605857143	0.839566172	0.8575638613
1226	0.8065965278	0.3605446818	0.8395862047	0.8575423501
1227	0.8066643158	0.3604881357	0.8396463028	0.8576068836
1228	0.8069206024	0.3604326541	0.8398426232	0.8577574617
1229	0.8069673754	0.3603931773	0.8398907016	0.8578219952
1230	0.8068761985	0.3603348353	0.8398065643	0.8577251949
1231	0.806918236	0.360263163	0.8398306035	0.8577251949
1232	0.8069236639	0.3602560139	0.839826597	0.8577036838
1233	0.8072266464	0.3602084125	0.8400709959	0.8579187954
1234	0.8071768371	0.3601953056	0.8400389436	0.8579080398
1235	0.8071402353	0.3601867631	0.8400108978	0.8578865286
1236	0.807216465	0.3601318376	0.8400509632	0.8578757731
1237	0.8071510668	0.3601193833	0.8400028847	0.8578435063
1238	0.8071978441	0.3600938092	0.8400509632	0.8579080398
1239	0.8072788386	0.3600575705	0.8401150678	0.8579618177
1240	0.8072710414	0.3600432868	0.8401070547	0.8579510621
1241	0.8073574364	0.3599982491	0.8401671528	0.8579833289
1242	0.8074462177	0.3599598637	0.8402392705	0.8580478623
1243	0.8074042237	0.3599235374	0.8402152313	0.8580478623
1244	0.8073964254	0.3599054147	0.8402072182	0.8580371067
1245	0.8074252214	0.3598874716	0.8402272509	0.8580478623
1246	0.8074042237	0.3598715652	0.8402152313	0.8580478623
1247	0.807457015	0.3598469365	0.8402312574	0.85800484
1248	0.8074936024	0.3598161472	0.8402593032	0.8580263512
1249	0.8075643681	0.3597677223	0.8403033751	0.8580371067
1250	0.8075067956	0.3597585275	0.8402633097	0.8580155956
1251	0.8075979682	0.3596984164	0.840347447	0.8581123958
1252	0.8075691806	0.3596546905	0.8403274143	0.8581016402
1253	0.8075613819	0.3596472768	0.8403194013	0.8580908846
1254	0.8075691806	0.3596451243	0.8403274143	0.8581016402
1255	0.8076291647	0.3596287491	0.8403794993	0.8581554181
1256	0.8076213653	0.3596208237	0.8403714863	0.8581446625
1257	0.8076213653	0.359557708	0.8403714863	0.8581446625
1258	0.8076261856	0.3594862911	0.8403955255	0.858209196
1259	0.807662776	0.3594837092	0.8404235713	0.8582307072
1260	0.8075949856	0.3594675733	0.8403634732	0.8581661737
1261	0.8077413374	0.3594178285	0.8404756563	0.8582522183
1262	0.8077545207	0.3593870781	0.8404796628	0.8582414628
1263	0.8078666931	0.359314671	0.8405758197	0.858338263
1264	0.807816929	0.3592809067	0.8405437674	0.8583275074
1265	0.8078666931	0.3592568648	0.8405758197	0.858338263
1266	0.8079057033	0.3592372329	0.8406158851	0.8583920409
1267	0.8079369142	0.3592165613	0.8406479374	0.8584350632
1268	0.8079369142	0.3591701252	0.8406479374	0.8584350632
1269	0.8078613163	0.3591134089	0.8405798263	0.8583597741
1270	0.8078613163	0.3590942743	0.8405798263	0.8583597741
1271	0.8078691184	0.3590900378	0.8405878394	0.8583705297
1272	0.8078769207	0.3590597241	0.8405958524	0.8583812853
1273	0.8078193513	0.3590412016	0.840555787	0.8583597741
1274	0.8078715441	0.3590042871	0.840599859	0.8584027965
1275	0.8079242532	0.3589466688	0.8406158851	0.8583597741
1276	0.8078744948	0.3589099155	0.8405838328	0.8583490186
1277	0.8078954738	0.3588686267	0.8405958524	0.8583490186
1278	0.8078876721	0.3588450632	0.8405878394	0.858338263
1279	0.8079842401	0.3588002471	0.8406679701	0.858413552
1280	0.8080573983	0.3587883485	0.8407240617	0.8584565743
1281	0.8081461596	0.3587200735	0.8407961794	0.8585211078
1282	0.8081617675	0.3587006706	0.8408122055	0.858542619
1283	0.8082427239	0.3586545172	0.8408763101	0.8585963969
1284	0.8082505287	0.3586415708	0.8408843232	0.8586071525
1285	0.8082349192	0.3586061683	0.8408682971	0.8585856413
1286	0.8082271147	0.3586032585	0.840860284	0.8585748857
1287	0.8083943632	0.3585458543	0.8409844867	0.8586609304
1288	0.8083943632	0.3585037929	0.8409844867	0.8586609304
1289	0.8084465429	0.3584595743	0.8410285586	0.8587039527
1290	0.8084831105	0.3584260467	0.8410566044	0.8587254638
1291	0.8084411979	0.3583847477	0.8410325651	0.8587254638
1292	0.8083783183	0.3583385414	0.8409965063	0.8587254638
1293	0.8083129726	0.3583148109	0.8409484278	0.8586931971
1294	0.808315426	0.3582737418	0.8409604475	0.8587254638
1295	0.8082788461	0.3582172901	0.8409324017	0.8587039527
1296	0.8083363916	0.3582027203	0.8409724671	0.8587254638
1297	0.8083807758	0.3581778787	0.8410085259	0.8587577306
1298	0.8085924109	0.3581297941	0.8411687875	0.8588760419
1299	0.808566117	0.3580925366	0.8411607744	0.8588975531
1300	0.808587073	0.3580737257	0.841172794	0.8588975531
1301	0.8086992632	0.3580127547	0.8412689509	0.8589943533
1302	0.8086524069	0.3579994672	0.8412208725	0.8589298198
1303	0.8086889765	0.3579863977	0.8412489182	0.858951331
1304	0.8086889765	0.3579620949	0.8412489182	0.858951331
1305	0.8087049714	0.357913677	0.8412368986	0.8588867975
1306	0.8086552666	0.357891131	0.8412048463	0.8588760419
1307	0.8087308753	0.3578164703	0.8412729575	0.858951331
1308	0.8087859039	0.3577661787	0.8413010032	0.8589405754
1309	0.8087649595	0.3577221997	0.8412889836	0.8589405754
1310	0.8088249493	0.3576647551	0.8413410686	0.8589943533
1311	0.8088537015	0.3576462141	0.8413611013	0.8590051089
1312	0.809013062	0.3575946529	0.8414772909	0.859080398
1313	0.8090783593	0.3575705259	0.8415253694	0.8591126647
1314	0.8090052518	0.3575463768	0.8414692779	0.8590696424
1315	0.8089974417	0.3575349788	0.8414612648	0.8590588868
1316	0.808981822	0.3575229833	0.8414452386	0.8590373756
1317	0.8089296488	0.3574912809	0.8414011667	0.8589943533
1318	0.8090730488	0.3574432203	0.8415293759	0.8591341759
1319	0.8091592737	0.3573932526	0.841589474	0.8591664426
1320	0.8092036355	0.3573822079	0.8416255329	0.8591987093
1321	0.8090702379	0.3573297678	0.8415454021	0.8591879538
1322	0.8093051995	0.3572779915	0.8417297029	0.8593385319
1323	0.8093183113	0.3572676933	0.8417337094	0.8593277763
1324	0.8092814863	0.3572065983	0.8417337094	0.8593923098
1325	0.8092424155	0.3571871592	0.841693644	0.8593385319
1326	0.8092083663	0.3571457746	0.8416776179	0.8593492874
1327	0.8092996306	0.3570913345	0.8417617552	0.8594460877
1328	0.8092630684	0.3570530417	0.8417337094	0.8594245765
1329	0.8092655815	0.3570186004	0.841745729	0.8594568432
1330	0.8093361917	0.3569928607	0.841789801	0.8594675988
1331	0.8094014948	0.3569614828	0.8418378794	0.8594998656
1332	0.8092265052	0.3569299228	0.8417056636	0.8594030653
1333	0.8093336745	0.3568739152	0.8417777813	0.8594353321
1334	0.8094224205	0.3568417324	0.841849899	0.8594998656
1335	0.8094509177	0.3568242718	0.8418979775	0.8595966658
1336	0.8093909046	0.3568156181	0.8418458925	0.8595428879
1337	0.8094927694	0.3567913288	0.8419220167	0.8595966658
1338	0.8095893387	0.356779718	0.8420021475	0.8596719548
1339	0.8097355601	0.3567387666	0.8421143306	0.8597579995
1340	0.8097852063	0.3566992289	0.8421463829	0.859768755
1341	0.8098192088	0.356665888	0.8421624091	0.8597579995
1342	0.8097932073	0.3565975882	0.8421263502	0.859693466
1343	0.8097932073	0.3565865023	0.8421263502	0.859693466
1344	0.8098923008	0.3565427555	0.8422185006	0.8598010218
1345	0.8101348937	0.3564753875	0.8424388602	0.8600484001
1346	0.8101296381	0.3564625785	0.8424428668	0.8600699113
1347	0.8101609313	0.3564484456	0.8424749191	0.8601129336
1348	0.8100930897	0.35640634	0.842414821	0.8600484001
1349	0.8101218152	0.3563865405	0.8424348537	0.8600591557
1350	0.8101061698	0.3563517153	0.8424188275	0.8600376445
1351	0.8100383342	0.3562985163	0.8423587294	0.8599731111
1352	0.8101350145	0.3562717348	0.8424108144	0.8599623555
1353	0.8101219383	0.3562420244	0.8424068079	0.8599731111
1354	0.8101557936	0.3561914104	0.8424508798	0.8600484001
1355	0.8102132343	0.356177802	0.8424909452	0.8600699113
1356	0.8101688697	0.3561394351	0.8424548864	0.8600376445
1357	0.8101479711	0.3561272191	0.8424428668	0.8600376445
1358	0.8101583623	0.3560906298	0.8424628995	0.8600806668
1359	0.8103385019	0.3560512571	0.8425911087	0.8601559559
1360	0.8103072081	0.356030904	0.8425590564	0.8601129336
1361	0.8103123642	0.3559943105	0.8425830956	0.8601774671
1362	0.8101766921	0.3559481099	0.8424628995	0.8600484001
1363	0.8103777	0.3558927711	0.8426031283	0.8601236892
1364	0.8103724585	0.3558660778	0.8426071348	0.8601452003
1365	0.8104898852	0.3558143529	0.8426992852	0.8602204894
1366	0.8105185929	0.3557811997	0.8427193179	0.860231245
1367	0.8105290088	0.355731008	0.8427393506	0.8602742673
1368	0.8104455278	0.355709946	0.8426632264	0.8601882226
1369	0.8104220566	0.3556972976	0.8426391872	0.8601559559
1370	0.8104220566	0.3556950104	0.8426391872	0.8601559559
1371	0.8105055342	0.3556395985	0.8427153114	0.8602420005
1372	0.8104715884	0.3555858238	0.8426992852	0.8602527561
1373	0.810442876	0.3555281524	0.8426792525	0.8602420005
1374	0.8105394263	0.3554980318	0.8427593833	0.8603172896
1375	0.8105107149	0.3554529118	0.8427393506	0.860306534
1376	0.8104663513	0.3553992997	0.8427032918	0.8602742673
1377	0.810453288	0.3553829545	0.8426992852	0.8602850229
1378	0.8104976537	0.3553164538	0.8427353441	0.8603172896
1379	0.8105837883	0.3552940091	0.8427954422	0.8603495563
1380	0.8105472522	0.3552525078	0.8427673964	0.8603280452
1381	0.8106620841	0.3552250273	0.8428475272	0.8603710675
1382	0.8107299224	0.3551825984	0.8429076252	0.860435601
1383	0.8108290738	0.3551294751	0.8429717299	0.8604571121
1384	0.8107429719	0.3551037259	0.8429116318	0.8604248454
1385	0.8106464319	0.3550520603	0.842831501	0.8603495563
1386	0.8106829624	0.3550375112	0.8428595468	0.8603710675
1387	0.8107299224	0.3550144255	0.8429076252	0.860435601
1388	0.8106933905	0.3549987523	0.8428795795	0.8604140898
1389	0.8107873282	0.3549409389	0.8429476906	0.8604571121
1390	0.8108186386	0.3549317785	0.8429797429	0.8605001344
1391	0.8108108108	0.3549149965	0.8429717299	0.8604893789
1392	0.8107951556	0.3549044343	0.8429557037	0.8604678677
1393	0.810852556	0.3548963516	0.8429957691	0.8604893789
1394	0.8110325523	0.3548535548	0.8431239783	0.8605646679
1395	0.8110403807	0.3548527584	0.8431319914	0.8605754235
1396	0.8110716957	0.3548494329	0.8431640437	0.8606184458
1397	0.8110743211	0.3548007697	0.8431760633	0.8606507126
1398	0.8111265029	0.3547517359	0.8432201353	0.8606937349
1399	0.8111969112	0.3547349675	0.8432642072	0.8607044905
1400	0.8112255978	0.3547242719	0.8432842399	0.860715246
1401	0.8111343331	0.3547074675	0.8432281483	0.8607044905
1402	0.8113039071	0.354692826	0.8433643707	0.8608228018
1403	0.81131693	0.3546466983	0.8433683772	0.8608120462
1404	0.8112673881	0.3545878837	0.8433363249	0.8608012907
1405	0.8112830513	0.3545760858	0.843352351	0.8608228018
1406	0.8113039071	0.3545453758	0.8433643707	0.8608228018
1407	0.8111969802	0.3544920692	0.843292253	0.8607905351
1408	0.811168287	0.3544714568	0.8432722203	0.8607797795
1409	0.8110743682	0.3544300154	0.8432041091	0.8607367572
1410	0.8110561255	0.3543861916	0.8432041091	0.8607690239
1411	0.8109673962	0.3543350321	0.8431319914	0.8607044905
1412	0.81100393	0.3542992364	0.8431600372	0.8607260016
1413	0.810996099	0.3542700404	0.8431520241	0.860715246
1414	0.8110535006	0.3542361777	0.8431920895	0.8607367572
1415	0.811168287	0.3541875082	0.8432722203	0.8607797795
1416	0.8110430455	0.3541285965	0.8431720568	0.8606937349
1417	0.8110952852	0.3540857536	0.8432441745	0.8608228018
1418	0.8110117611	0.3540581632	0.8431680503	0.8607367572
1419	0.8110561255	0.3540490399	0.8432041091	0.8607690239
1420	0.8112048117	0.3540143738	0.843300266	0.8608012907
1421	0.8112074459	0.3539816442	0.8433122857	0.8608335574
1422	0.8112570791	0.3539268191	0.8433723837	0.8609303576
1423	0.8112727466	0.353908551	0.8433884099	0.8609518688
1424	0.8112910546	0.3538896945	0.8434164557	0.8610056467
1425	0.8113275875	0.3538746459	0.8434445014	0.8610271578
1426	0.8113119179	0.3538557265	0.8434284753	0.8610056467
1427	0.8113119179	0.3538322084	0.8434284753	0.8610056467
1428	0.8113771443	0.3538058494	0.8434765537	0.8610379134
1429	0.8115180718	0.3537526727	0.8435927434	0.8611454692
1430	0.8116668357	0.3537378159	0.8437169461	0.8612637806
1431	0.8116825115	0.353730207	0.8437329722	0.8612852917
1432	0.8116720096	0.3537153998	0.8437129395	0.8612422694
1433	0.8116094579	0.3536630289	0.8436768807	0.8612422694
1434	0.8115128895	0.3536099424	0.8435967499	0.8611669804
1435	0.8114920328	0.3535750376	0.8435847303	0.8611669804
1436	0.8116381475	0.3535330274	0.8436969134	0.861253025
1437	0.8116042801	0.3535010366	0.8436808872	0.8612637806
1438	0.8115729295	0.353486335	0.8436488349	0.8612207583
1439	0.8115650923	0.3534818703	0.8436408218	0.8612100027
1440	0.8114973391	0.3534588398	0.8436087695	0.8612315138
1441	0.8116329714	0.3534049739	0.8437009199	0.8612745362
1442	0.8116016204	0.353398006	0.8436688676	0.8612315138
1443	0.8114659893	0.3533534733	0.8435767172	0.8611884915
1444	0.8114451286	0.3533315034	0.8435646976	0.8611884915
1445	0.8115625694	0.3533136609	0.843656848	0.8612637806
1446	0.8116669886	0.3532947383	0.8437449918	0.8613498252
1447	0.8118339538	0.3532535026	0.8438691945	0.8614358699
1448	0.8117452208	0.3532135718	0.8437970768	0.8613713364
1449	0.8117217037	0.3531889735	0.8437730376	0.8613390696
1450	0.8116800023	0.3531747253	0.8437489984	0.8613390696
1451	0.8116434718	0.3531572066	0.8437209526	0.8613175585
1452	0.8117999228	0.3531050245	0.8438251226	0.8613605808
1453	0.8118286059	0.3530979721	0.8438451553	0.8613713364
1454	0.8118729662	0.3530824059	0.8438812141	0.8614036031
1455	0.811925166	0.3530656442	0.8439252861	0.8614466254
1456	0.8119016468	0.3530493789	0.8439012468	0.8614143587
1457	0.8119798405	0.3530171611	0.8439533318	0.8614358699
1458	0.8120685494	0.3529738124	0.8440254495	0.8615004033
1459	0.812060709	0.3529510535	0.8440174365	0.8614896478
1460	0.8119798405	0.3529383144	0.8439533318	0.8614358699
1461	0.81208692	0.3529083856	0.8440534953	0.8615541812
1462	0.8120530908	0.352903449	0.8440374691	0.8615649368
1463	0.8120347215	0.352864415	0.8440094234	0.8615111589
1464	0.8121026027	0.3528211485	0.8440695215	0.8615756924
1465	0.8120947613	0.3528121952	0.8440615084	0.8615649368
1466	0.8122070034	0.3527951151	0.8441576653	0.861661737
1467	0.8122278332	0.3527891434	0.8441696849	0.861661737
1468	0.8122305319	0.3527470872	0.8441817045	0.8616940038
1469	0.8122800326	0.3526813923	0.8442137569	0.8617047593
1470	0.8124312113	0.3525986188	0.8443219334	0.8617692928
1471	0.812512068	0.3525517793	0.844386038	0.8618230707
1472	0.8125277569	0.3525096009	0.8444020642	0.8618445819
1473	0.8125380108	0.3524928149	0.8443940511	0.8618015596
1474	0.8126161346	0.3524841609	0.8444461361	0.8618230707
1475	0.8125953241	0.3524705998	0.8444341165	0.8618230707
1476	0.8125980451	0.3524514183	0.8444461361	0.8618553375
1477	0.8126137345	0.3524196488	0.8444621622	0.8618768486
1478	0.8126267014	0.3523847666	0.8444661688	0.861866093
1479	0.8128170353	0.3523280009	0.8446144107	0.8619844044
1480	0.8128197702	0.3522900607	0.8446264303	0.8620166711
1481	0.8127883854	0.3522458795	0.844594378	0.8619736488
1482	0.8127546194	0.352230447	0.8445783519	0.8619844044
1483	0.8126921907	0.3521827318	0.844542293	0.8619844044
1484	0.8127600823	0.3521525245	0.8446023911	0.8620489379
1485	0.8127730443	0.352101276	0.8446063976	0.8620381823
1486	0.8127392717	0.3520364397	0.8445903715	0.8620489379
1487	0.8127392717	0.352034622	0.8445903715	0.8620489379
1488	0.8128778076	0.3519997214	0.8447225873	0.8622102716
1489	0.8128695904	0.3519507474	0.8446865284	0.8621134714
1490	0.8128880263	0.3519084139	0.8447145742	0.8621672493
1491	0.8130418831	0.3518598823	0.8448347703	0.8622640495
1492	0.8130210823	0.3518469759	0.8448227507	0.8622640495
1493	0.8130183342	0.3517945908	0.8448107311	0.8622317827
1494	0.8131356771	0.3517821251	0.8449028815	0.8623070718
1495	0.8130548328	0.3517294404	0.8448387769	0.8622532939
1496	0.8130548328	0.3517243232	0.8448387769	0.8622532939
1497	0.8130210823	0.3516882162	0.8448227507	0.8622640495
1498	0.813059932	0.3516450299	0.8448347703	0.8622317827
1499	0.8130363849	0.351619124	0.8448107311	0.862199516
1500	0.8130885781	0.3515992247	0.844854803	0.8622425383
1501	0.8130677814	0.3515889263	0.8448427834	0.8622425383
1502	0.8130234354	0.3515782912	0.8448067246	0.8622102716
1503	0.8130155865	0.3515437831	0.8447987115	0.862199516
1504	0.8131093735	0.3515088609	0.8448668227	0.8622425383
1505	0.8131823579	0.3514627331	0.8449229142	0.8622855606
1506	0.8132188485	0.3514321935	0.84495096	0.8623070718
1507	0.8132345488	0.3513804316	0.8449669861	0.862328583
1508	0.813388354	0.3513544434	0.8450871823	0.8624253832
1509	0.8134534732	0.3513188726	0.8451352607	0.8624576499
1510	0.813469177	0.351303959	0.8451512869	0.8624791611
1511	0.8134955111	0.3512641868	0.8451873457	0.8625436945
1512	0.8135499969	0.3512337992	0.8452153915	0.862532939
1513	0.8135477051	0.3512039639	0.8452314177	0.8625867169
1514	0.8135763379	0.3511640217	0.8452514504	0.8625974724
1515	0.8135347782	0.3511404236	0.8452274111	0.8625974724
1516	0.8135791206	0.3511300854	0.84526347	0.8626297392
1517	0.8135347782	0.3510753697	0.8452274111	0.8625974724
1518	0.8135841917	0.3510265842	0.8452594634	0.862608228
1519	0.8135477051	0.3510001979	0.8452314177	0.8625867169
1520	0.813665016	0.3509814688	0.8453235681	0.8626620059
1521	0.8136363856	0.3509432337	0.8453035354	0.8626512503
1522	0.8137172093	0.3508927907	0.84536764	0.8627050282
1523	0.8136784483	0.3508642572	0.8453556204	0.862737295
1524	0.8135819037	0.3508480776	0.8452754896	0.8626620059
1525	0.8135375585	0.3508232055	0.8452394308	0.8626297392
1526	0.8137407749	0.3507862188	0.8453916792	0.862737295
1527	0.8137851144	0.3507590722	0.8454277381	0.8627695617
1528	0.8138243954	0.3507342307	0.8454678035	0.8628233396
1529	0.8138086826	0.3507258585	0.8454517773	0.8628018284
1530	0.8138580792	0.3507106111	0.8454838296	0.862812584
1531	0.81389456	0.3506858138	0.8455118754	0.8628340952
1532	0.81389456	0.3506632641	0.8455118754	0.8628340952
1533	0.813941143	0.350640722	0.8455319081	0.862812584
1534	0.8139703256	0.3506197485	0.8455799865	0.8629093842
1535	0.8139804251	0.3505693696	0.8455719735	0.8628663619
1536	0.8139596616	0.3505540122	0.8455599538	0.8628663619
1537	0.814019711	0.3505091254	0.8456120388	0.8629201398
1538	0.8141240975	0.3504400881	0.8457001827	0.8630061845
1539	0.8141240975	0.3504289596	0.8457001827	0.8630061845
1540	0.814095479	0.3504199233	0.84568015	0.8629954289
1541	0.8140825763	0.3503748308	0.8456761435	0.8630061845
1542	0.8140825763	0.3503642663	0.8456761435	0.8630061845
1543	0.8140640459	0.3503379552	0.8456480977	0.8629524066
1544	0.814095479	0.3502918874	0.84568015	0.8629954289
1545	0.8141319562	0.3502753904	0.8457081958	0.86301694
1546	0.8141605734	0.350231759	0.8457282285	0.8630276956
1547	0.8140825763	0.3502138399	0.8456761435	0.8630061845
1548	0.8140825763	0.3501908519	0.8456761435	0.8630061845
1549	0.8140045665	0.3501659844	0.8456240585	0.8629846733
1550	0.8139473138	0.3501300159	0.8455839931	0.8629631621
1551	0.8139473138	0.3501127888	0.8455839931	0.8629631621
1552	0.8141662121	0.3500976814	0.8457522677	0.8630922291
1553	0.8142835077	0.3500475298	0.8458444181	0.8631675182
1554	0.8143721824	0.350022004	0.8459165358	0.8632320516
1555	0.8143278453	0.3500129932	0.8458804769	0.8631997849
1556	0.8144007954	0.3499956776	0.8459365685	0.8632428072
1557	0.8144451309	0.3499453235	0.8459726273	0.8632750739
1558	0.8145130539	0.3499053023	0.8460327254	0.8633396074
1559	0.8145102127	0.3498966229	0.8460207058	0.8633073407
1560	0.8145102127	0.3498941264	0.8460207058	0.8633073407
1561	0.8145309582	0.3498744503	0.8460327254	0.8633073407
1562	0.8145180752	0.3498608563	0.8460287189	0.8633180963
1563	0.8144765803	0.3498155782	0.8460046796	0.8633180963
1564	0.8145910153	0.3497649871	0.8460848104	0.8633611186
1565	0.8145466831	0.3497248038	0.8460487516	0.8633288518
1566	0.8145702716	0.3497095413	0.8460727908	0.8633611186
1567	0.8145702716	0.3497031771	0.8460727908	0.8633611186
1568	0.81452878	0.3496904281	0.8460487516	0.8633611186
1569	0.8145545458	0.349623378	0.8460567646	0.8633396074
1570	0.8146432105	0.3495788635	0.8461288823	0.8634041409
1571	0.8147004175	0.349543472	0.8461689477	0.8634256521
1572	0.8147604753	0.3494986885	0.8462210327	0.86347943
1573	0.8147969402	0.3494910547	0.8462490785	0.8635009411
1574	0.8148126698	0.349466648	0.8462651047	0.8635224523
1575	0.8147683398	0.3494517073	0.8462290458	0.8634901855
1576	0.8148048049	0.3494209682	0.8462570916	0.8635116967
1577	0.8146668018	0.349382944	0.8461529216	0.8634364076
1578	0.8147683398	0.3493520704	0.8462290458	0.8634901855
1579	0.814771197	0.3493244743	0.8462410654	0.8635224523
1580	0.8147454494	0.3493119316	0.8462330523	0.8635439634
1581	0.8148026586	0.3492948353	0.8462731177	0.8635654746
1582	0.8148548591	0.3492738578	0.8463171897	0.8636084969
1583	0.8151743838	0.3492302596	0.8465335427	0.8637052971
1584	0.8150807553	0.3491905527	0.8464654316	0.8636622748
1585	0.8151014775	0.3491703761	0.8464774512	0.8636622748
1586	0.8150914987	0.3491174192	0.8464854643	0.8637052971
1587	0.815164413	0.3491033031	0.8465415558	0.8637483194
1588	0.8151536646	0.3490690075	0.8465215231	0.8637052971
1589	0.8151408111	0.3490550633	0.8465175166	0.8637160527
1590	0.8151172105	0.3489957506	0.8464934774	0.863683786
1591	0.8152866242	0.3489548992	0.8466296997	0.8638020973
1592	0.8152708884	0.3489401978	0.8466136735	0.8637805862
1593	0.8153280516	0.3489216846	0.8466537389	0.8638020973
1594	0.8152944923	0.3489049196	0.8466377127	0.8638128529
1595	0.8153802358	0.3488729139	0.8466978108	0.8638451197
1596	0.815494541	0.3488407362	0.8467779416	0.863888142
1597	0.8153624181	0.348807509	0.8466978108	0.8638773864
1598	0.8153144026	0.3487766569	0.8466216866	0.8637268083
1599	0.8154452598	0.3487150253	0.8467458893	0.8638773864
1600	0.8154817045	0.3487016147	0.8467739351	0.8638988976
1601	0.8154659668	0.348664953	0.8467579089	0.8638773864
1602	0.8154895736	0.3486347079	0.8467819481	0.8639096531
1603	0.8154738356	0.3486140514	0.846765922	0.863888142
1604	0.8154166827	0.3485707168	0.8467258566	0.8638666308
1605	0.8154224774	0.3485486214	0.8467498958	0.8639311643
1606	0.8154717673	0.3485024639	0.8467819481	0.8639419199
1607	0.8154717673	0.3484576021	0.8467819481	0.8639419199
1608	0.8154717673	0.3484465904	0.8467819481	0.8639419199
1609	0.8154353186	0.3484225032	0.8467539024	0.8639204087
1610	0.8153209889	0.3483716347	0.8466737716	0.8638773864
1611	0.8153988689	0.3483565257	0.8467258566	0.8638988976
1612	0.8155210515	0.3483244029	0.8468140004	0.8639526755
1613	0.8155475668	0.3483082239	0.8468500593	0.8640172089
1614	0.8156204612	0.3482932377	0.8469061508	0.8640602312
1615	0.8156411642	0.3482817754	0.8469181705	0.8640602312
1616	0.8156933514	0.3482700707	0.8469622424	0.8641032536
1617	0.8157504933	0.3482421283	0.8470023078	0.8641247647
1618	0.8157012232	0.3482146315	0.8469702555	0.8641140091
1619	0.8157711904	0.3481742169	0.8470143274	0.8641247647
1620	0.815872633	0.3481502264	0.8470904516	0.8641785426
1621	0.8157633186	0.3481286286	0.8470063143	0.8641140091
1622	0.8157790622	0.3481258497	0.8470223405	0.8641355203
1623	0.8157426216	0.3481165419	0.8469942947	0.8641140091
1624	0.8157633186	0.3480764158	0.8470063143	0.8641140091
1625	0.8157239623	0.3480648464	0.8469662489	0.8640602312
1626	0.815791886	0.3479987169	0.847026347	0.8641247647
1627	0.8157691565	0.3479607673	0.8470303535	0.8641785426
1628	0.8157455391	0.347959948	0.8470063143	0.8641462759
1629	0.815870611	0.3479349275	0.8471064778	0.8642323205
1630	0.8159513643	0.3479069179	0.8471705824	0.8642860984
1631	0.8158607145	0.347848601	0.8471144908	0.8642753428
1632	0.8157464203	0.3478195189	0.8470343601	0.8642323205
1633	0.8158478911	0.3477750497	0.8471104843	0.8642860984
1634	0.8158843372	0.3477209268	0.8471385301	0.8643076096
1635	0.8159394621	0.3476789644	0.8471946216	0.8643828986
1636	0.8158694918	0.3476329117	0.8471505497	0.864372143
1637	0.8159502688	0.3476160221	0.8472146543	0.8644259209
1638	0.8159266409	0.3475888559	0.8471906151	0.8643936542
1639	0.815898067	0.3475677568	0.8471705824	0.8643828986
1640	0.8159423927	0.3475609076	0.8472066412	0.8644151654
1641	0.815851716	0.3475140353	0.8471505497	0.8644044098
1642	0.8159088715	0.347469609	0.8471906151	0.8644259209
1643	0.8160389197	0.3474226135	0.847286772	0.8644904544
1644	0.8160881819	0.3474098209	0.8473188243	0.86450121
1645	0.8160881819	0.347405266	0.8473188243	0.86450121
1646	0.816096059	0.3473961415	0.8473268374	0.8645119656
1647	0.8161453156	0.3473763168	0.8473588897	0.8645227212
1648	0.8160537377	0.347345529	0.8472747524	0.8644259209
1649	0.8160409227	0.347330708	0.8472707459	0.8644366765
1650	0.8160852423	0.3473055442	0.8473068047	0.8644689433
1651	0.8162595663	0.3472526594	0.8474390205	0.8645657435
1652	0.8162073741	0.3472393566	0.8473949486	0.8645227212
1653	0.8161118136	0.3471883083	0.8473428636	0.8645334767
1654	0.816023166	0.3471405906	0.8472707459	0.8644689433
1655	0.816096059	0.3471276266	0.8473268374	0.8645119656
1656	0.8161738803	0.3471066072	0.8473789224	0.8645334767
1657	0.8162546386	0.3470595671	0.847443027	0.8645872546
1658	0.8162831995	0.3470421191	0.8474630597	0.8645980102
1659	0.8162960032	0.3470306941	0.8474670663	0.8645872546
1660	0.8163353938	0.3470018939	0.8475071316	0.8646410325
1661	0.8163875887	0.3469688897	0.8475512036	0.8646840549
1662	0.8164240251	0.3469654922	0.8475792493	0.864705566
1663	0.8165333282	0.3469407676	0.8476633866	0.8647700995
1664	0.8166377147	0.3469062241	0.8477515305	0.8648561441
1665	0.8165569689	0.346867607	0.8476874259	0.8648023662
1666	0.816591463	0.3468460392	0.8477314978	0.8648776553
1667	0.8166692403	0.3468264326	0.8477835828	0.8648991664
1668	0.8166436631	0.3467845477	0.8477755697	0.8649206776
1669	0.8166278991	0.3467677997	0.8477595436	0.8648991664
1670	0.8164949449	0.3467233953	0.847651367	0.8648023662
1671	0.8164614694	0.346673203	0.8476353409	0.8648131218
1672	0.8164772316	0.346659897	0.847651367	0.864834633
1673	0.8164851129	0.3466229728	0.8476593801	0.8648453885
1674	0.8165245218	0.3465859198	0.8476994455	0.8648991664
1675	0.8165530822	0.3465641546	0.8477194782	0.864909922
1676	0.8165452001	0.3465542107	0.8477114651	0.8648991664
1677	0.8165530822	0.3465435393	0.8477194782	0.864909922
1678	0.8165530822	0.3465073584	0.8477194782	0.864909922
1679	0.8168307277	0.3464609105	0.847911792	0.8650067222
1680	0.8166958637	0.3464333417	0.8478196417	0.8649636999
1681	0.8167244158	0.3463966654	0.8478396743	0.8649744555
1682	0.8168513899	0.3463274339	0.8479238117	0.8650067222
1683	0.8169193503	0.3463066403	0.8479839097	0.8650712557
1684	0.8168562854	0.3462879538	0.8479198051	0.8649852111
1685	0.8168513899	0.3462729408	0.8479238117	0.8650067222
1686	0.8168829226	0.3462353741	0.847955864	0.8650497446
1687	0.8169193503	0.346202426	0.8479839097	0.8650712557
1688	0.8169351181	0.346191018	0.8479999359	0.8650927669
1689	0.816963661	0.3461499698	0.8480199686	0.8651035225
1690	0.8170000869	0.3461171234	0.8480480144	0.8651250336
1691	0.8170286271	0.346112281	0.8480680471	0.8651357892
1692	0.817153665	0.3460716778	0.8481682105	0.8652218338
1693	0.8172186197	0.3460397499	0.848216289	0.8652541006
1694	0.817210734	0.3460184866	0.8482082759	0.865243345
1695	0.8172392665	0.3459892874	0.8482283086	0.8652541006
1696	0.8171949631	0.3459554114	0.8481922498	0.8652218338
1697	0.8171743148	0.3459149144	0.8481802301	0.8652218338
1698	0.8172847251	0.3458538577	0.8482924132	0.8653724119
1699	0.8171930942	0.3457796539	0.8482082759	0.8652756117
1700	0.8172009805	0.3457674883	0.848216289	0.8652863673
1701	0.8173290355	0.3457191141	0.8483284721	0.8654046787
1702	0.8173290355	0.3456760731	0.8483284721	0.8654046787
1703	0.8174461864	0.3456492563	0.8484206225	0.8654799677
1704	0.8174589389	0.3456159724	0.848424629	0.8654692122
1705	0.8174826052	0.3455980762	0.8484486682	0.8655014789
1706	0.8173891224	0.3455583801	0.8483805571	0.8654584566
1707	0.817523883	0.3454839126	0.8484727075	0.8655014789
1708	0.817562124	0.3454569858	0.8484847271	0.8654692122
1709	0.8175414898	0.3454501588	0.8484727075	0.8654692122
1710	0.8175050777	0.345430075	0.8484446617	0.865447701
1711	0.8175002171	0.3453938094	0.8484486682	0.8654692122
1712	0.8175081056	0.3453588229	0.8484566813	0.8654799677
1713	0.8174795787	0.3453563544	0.8484366486	0.8654692122
1714	0.8174540752	0.3453286619	0.8484286355	0.8654907233
1715	0.8174540752	0.3452596722	0.8484286355	0.8654907233
1716	0.8174413218	0.3452448916	0.848424629	0.8655014789
1717	0.8174285673	0.3452231998	0.8484206225	0.8655122345
1718	0.8174649899	0.3452117876	0.8484486682	0.8655337456
1719	0.8174935217	0.3451905722	0.8484687009	0.8655445012
1720	0.8176707602	0.3451524643	0.8486129363	0.8656735682
1721	0.8177435932	0.3451363741	0.8486690279	0.8657165905
1722	0.8176628691	0.3451083562	0.8486049232	0.8656628126
1723	0.8176373788	0.3450724148	0.8485969102	0.8656843237
1724	0.8177260027	0.3450295339	0.8486690279	0.8657488572
1725	0.8176294874	0.345018376	0.8485888971	0.8656735682
1726	0.8177751613	0.3449867294	0.8487010802	0.8657596128
1727	0.8176992859	0.3449440897	0.848632969	0.8656843237
1728	0.8177247682	0.3449295581	0.8486409821	0.8656628126
1729	0.8177405502	0.3449145855	0.8486570082	0.8656843237
