iter	F1:use_weights=false	Logloss	Accuracy:use_weights=true	Accuracy:use_weights=false
0	0.6027766058	0.6489444214	0.7668955736	0.7873514386
1	0.6164957646	0.6143406233	0.7733661335	0.814961011
2	0.6162166695	0.5862419145	0.7749767621	0.8030868513
3	0.6205062205	0.5623358641	0.7771002276	0.8097122882
4	0.6249488929	0.5433740352	0.779892785	0.8125410056
5	0.6264299462	0.5273382752	0.7806820731	0.8141973649
6	0.6268488885	0.5154088243	0.7809545178	0.8144017209
7	0.6299621417	0.5048193329	0.7829577871	0.8160258134
8	0.6299049712	0.4969836609	0.7830699702	0.8152729228
9	0.630298324	0.4901812656	0.7832863233	0.8156601237
10	0.6312299511	0.4835122409	0.7839674349	0.8157676795
11	0.63124035	0.4782263142	0.7841276964	0.8150470557
12	0.633271012	0.473642648	0.7853697234	0.8164560366
13	0.6343336408	0.4694504854	0.7861389788	0.816649637
14	0.6349715557	0.4657694677	0.7866798615	0.8164237698
15	0.6347366846	0.4624230367	0.7865356261	0.8162624361
16	0.6356737861	0.4599221945	0.7872808423	0.8161656359
17	0.6365401438	0.4577738241	0.7878097054	0.816778704
18	0.6369759039	0.4557326819	0.7880060258	0.8173810164
19	0.6378793074	0.4539429038	0.7884988301	0.8182522183
20	0.638044688	0.452354241	0.7886630982	0.8181016402
21	0.6386313513	0.4507395815	0.7890276932	0.8184780855
22	0.6401984051	0.4492326148	0.7901214783	0.8189943533
23	0.6402979325	0.4479588125	0.7901375044	0.8192417316
24	0.6417023097	0.4460070869	0.7910950671	0.8198010218
25	0.6419921833	0.4448837767	0.7913474791	0.8197042216
26	0.6420375633	0.4438836817	0.7913554922	0.8198117774
27	0.6430203506	0.4429037745	0.7920285907	0.8201989782
28	0.6433178149	0.4421088159	0.7922209045	0.8203603119
29	0.6438048843	0.4406093251	0.7925173884	0.8206937349
30	0.6445521926	0.4391159677	0.7930222123	0.8210164023
31	0.6447194367	0.4385357614	0.7931864803	0.8208980909
32	0.6454392288	0.4379364126	0.7936792846	0.8211884915
33	0.645351319	0.4373747425	0.7935831277	0.8212852917
34	0.646063941	0.4360895334	0.7940879515	0.8215111589
35	0.6472595436	0.4351288234	0.7948772397	0.8221027158
36	0.6473236191	0.4345219074	0.7949012789	0.822199516
37	0.6490764046	0.433268479	0.7960631751	0.8230492068
38	0.6494181834	0.4325848254	0.7963316132	0.8230707179
39	0.6499691443	0.4318401398	0.7967723324	0.8230814735
40	0.6498903579	0.4314210748	0.7966962082	0.8231244958
41	0.6502309936	0.4310313297	0.7969205744	0.8232965851
42	0.650711183	0.4301302724	0.7972290779	0.8235654746
43	0.6509815611	0.4293430898	0.7974093721	0.8236945415
44	0.6520137158	0.4284889993	0.7980744575	0.8242645873
45	0.6518490132	0.4280474111	0.7979863137	0.8241140091
46	0.6525441771	0.4275596628	0.7984430591	0.8244689433
47	0.6527023863	0.4271597895	0.7985552422	0.8245227212
48	0.6530690455	0.4266163973	0.7987876214	0.8247378328
49	0.6543186221	0.4258107731	0.7996129684	0.8253616564
50	0.6551452591	0.4250266412	0.8001738838	0.8257273461
51	0.6552516272	0.4244689748	0.8002780538	0.8256735682
52	0.655917638	0.4238717885	0.8007147665	0.8260177467
53	0.6567335487	0.4233391595	0.8012957146	0.8262973918
54	0.6566459733	0.4229303868	0.8012235969	0.8262973918
55	0.6569060773	0.4225078736	0.8014239238	0.8263404141
56	0.6573316618	0.4220492421	0.8017083881	0.8265447701
57	0.6575179505	0.421401336	0.8018446104	0.826598548
58	0.6576069646	0.4211040923	0.8019287477	0.8265662813
59	0.6580310881	0.4207034909	0.8022051989	0.8267921484
60	0.6586526208	0.4203834736	0.8026058528	0.827136327
61	0.6589764833	0.4200333085	0.8028061797	0.827340683
62	0.6588485235	0.4197205763	0.8027180358	0.8272869051
63	0.6593145067	0.419354879	0.8030145197	0.8275557946
64	0.659470027	0.4188445279	0.8031146832	0.8276418392
65	0.6603216418	0.4184623661	0.8036916247	0.8280290401
66	0.6605789038	0.4180580449	0.8038839386	0.8280935735
67	0.6610882216	0.4176358831	0.8042164813	0.828362463
68	0.6611608849	0.4172472729	0.8042845925	0.8283409519
69	0.6618561514	0.4168763505	0.8047653771	0.8286313525
70	0.662123721	0.4166046018	0.8049256386	0.8288141974
71	0.6624652535	0.4162120268	0.8051780506	0.8289109976
72	0.6623528164	0.4158931477	0.805113946	0.8288249529
73	0.6623365597	0.415516512	0.8050738806	0.828900242
74	0.6625777287	0.4152685716	0.8052421552	0.8289970422
75	0.6629470915	0.4149247597	0.8055105933	0.8291153536
76	0.6633854509	0.4144951132	0.8057990641	0.8293412208
77	0.6635962306	0.4141569609	0.8059112472	0.8295240656
78	0.6641044697	0.4139420318	0.8062197506	0.8298574886
79	0.664303002	0.4135635667	0.8063599795	0.8299327776
80	0.6645005097	0.4133240304	0.8064721626	0.8300833557
81	0.6646275409	0.4131583297	0.8065442803	0.830180156
82	0.6654768734	0.4128686024	0.8070891695	0.8306534015
83	0.6652789873	0.412419454	0.8069769864	0.8305028233
84	0.6659447523	0.4120839305	0.8074377384	0.8307824684
85	0.6661711932	0.4116694424	0.8075819738	0.8309115354
86	0.6664543254	0.4114378529	0.8077702811	0.8310513579
87	0.6665392619	0.4112195518	0.8078263726	0.8310943802
88	0.6668082486	0.4110361988	0.8079946473	0.8312557139
89	0.6669922082	0.4108572851	0.8081348761	0.8312987362
90	0.6668930246	0.4105762411	0.8080988173	0.8311696693
91	0.667077106	0.4103195011	0.8081949742	0.831331003
92	0.6673458559	0.4101802297	0.8083872881	0.8314278032
93	0.6677424149	0.4098233487	0.8086276804	0.8316859371
94	0.6679403086	0.4095426055	0.8087719158	0.8317504706
95	0.6681946478	0.4092962847	0.8089562165	0.8318365152
96	0.6684644131	0.408893602	0.8091004519	0.8320623824
97	0.6686905571	0.4086047064	0.8092607135	0.832148427
98	0.6688738911	0.4084306607	0.8094009423	0.8321914493
99	0.6689161945	0.4083066051	0.8094329946	0.8322022049
100	0.6691145259	0.4081482649	0.8095571973	0.8323205163
101	0.6694113153	0.407934674	0.8097615308	0.8324495832
102	0.6694539358	0.4077984272	0.8097855701	0.83248185
103	0.6697931034	0.4075676098	0.8100179493	0.8326324281
104	0.6696813366	0.4073993197	0.8099137793	0.8326539392
105	0.6701033115	0.4072300519	0.8102423155	0.8327399839
106	0.6702177327	0.4070155916	0.8102944005	0.8328582952
107	0.6701886152	0.4066956086	0.8102903939	0.8328045173
108	0.6709097081	0.406161421	0.8107711786	0.8331594515
109	0.6712654413	0.4059321209	0.810975512	0.8334175854
110	0.6711811157	0.4056436957	0.8109114074	0.8333960742
111	0.6713375796	0.4053788698	0.8110035578	0.83350363
112	0.6717628573	0.4051395814	0.8112760024	0.8337402528
113	0.6719894676	0.4049428958	0.8114242444	0.8338585641
114	0.6721172223	0.4047069668	0.8115043751	0.8339338532
115	0.6723313861	0.4045323792	0.8116245713	0.8340951869
116	0.6721029496	0.4043271933	0.8114963621	0.8339230976
117	0.6725280326	0.404147118	0.8117728132	0.8341489648
118	0.6728694027	0.4039114734	0.8119811532	0.8343640764
119	0.6730356877	0.4035837115	0.8121293952	0.8343533208
120	0.6736922619	0.4033724308	0.8125100163	0.8348158107
121	0.6735621443	0.4029705626	0.8124499183	0.8346867437
122	0.6737879335	0.4027136094	0.8126061733	0.834783544
123	0.6742976067	0.4024437316	0.8129427225	0.8350416779
124	0.6746215419	0.4020293672	0.8131710952	0.8351707448
125	0.6748487101	0.4018569379	0.8133153306	0.8352998118
126	0.6749761121	0.4016887768	0.8133994679	0.8353643453
127	0.6749320652	0.4015215302	0.8133834418	0.8353105674
128	0.6752871733	0.4011287359	0.8136078079	0.8355149234
129	0.6757829918	0.4009018764	0.8139323376	0.8357730573
130	0.6759839426	0.4004100409	0.8140445207	0.8359236354
131	0.6765680775	0.400074835	0.8144051091	0.8362785695
132	0.6768354861	0.3998772071	0.8145934165	0.8363861253
133	0.6769243847	0.3995210426	0.8146254688	0.8364936811
134	0.6771897771	0.3993188273	0.8148257957	0.8365689702
135	0.67754547	0.3991131163	0.8150501619	0.8367733262
136	0.6776318586	0.3987835184	0.8150982403	0.8368378596
137	0.6781137769	0.3985457235	0.8154147569	0.837085238
138	0.6782290803	0.3983024287	0.8154788615	0.8371712826
139	0.6786427994	0.3980499557	0.81573528	0.8374186609
140	0.6785387934	0.3978212132	0.8156952146	0.8373003496
141	0.6784545416	0.3976894771	0.8156351165	0.8372680828
142	0.6786495846	0.3975036028	0.8157833584	0.8373218607
143	0.6790671967	0.3972937879	0.8160197442	0.8376230169
144	0.679255715	0.3970580384	0.8161199077	0.8377735951
145	0.6791898907	0.396848556	0.81604779	0.8378058618
146	0.6794323525	0.3966636752	0.8162000385	0.8379456843
147	0.6797694255	0.3962376855	0.8164404308	0.8380747513
148	0.6798689696	0.396021475	0.8165045354	0.8381285292
149	0.6803803527	0.3956774875	0.8168370781	0.8383974187
150	0.6805351711	0.3955452232	0.8169452547	0.8384619521
151	0.6806799566	0.3953711549	0.8170253854	0.8385695079
152	0.6805812642	0.3951629018	0.8169572743	0.8385264856
153	0.68072161	0.394845754	0.8170574377	0.8385802635
154	0.6804347364	0.3946686696	0.8168851566	0.8383974187
155	0.6803606362	0.3945023883	0.8168531043	0.8383221296
156	0.6808302497	0.3941939013	0.8171535947	0.8385802635
157	0.6810564818	0.3939225726	0.8173058431	0.8386878193
158	0.6812691392	0.3936967812	0.817446072	0.8387953751
159	0.6812509301	0.3934562727	0.8174540851	0.8387415972
160	0.6811098118	0.3931399144	0.8173579281	0.8386770637
161	0.6814257156	0.3928610857	0.8175462355	0.8388814197
162	0.6817031951	0.3926579488	0.817758582	0.8389567088
163	0.6818403995	0.3923708459	0.8178707651	0.83897822
164	0.6819003082	0.3921956042	0.8178948043	0.8390427534
165	0.6822654341	0.3920233556	0.8181512228	0.8391933315
166	0.6823059434	0.3918108873	0.8181872816	0.8391933315
167	0.6826179346	0.391651145	0.8183916151	0.8393546652
168	0.6829029859	0.3913955225	0.8185719094	0.8395159989
169	0.6829600034	0.3911646213	0.8186079682	0.8395482657
170	0.6831300208	0.3909875756	0.8187201513	0.8396343103
171	0.6834388679	0.3908060813	0.8189365044	0.8397633773
172	0.6836357455	0.3906202556	0.8190727267	0.8398494219
173	0.6841903952	0.3904255493	0.8194293086	0.8401505781
174	0.6843078493	0.390083846	0.8194894067	0.8402473783
175	0.6847015322	0.3899022934	0.8197618513	0.8404194676
176	0.6849687646	0.3896292494	0.8199461521	0.840537779
177	0.6848627851	0.3894531733	0.8198459887	0.8405485346
178	0.6853170638	0.3892089997	0.8201424725	0.8407851573
179	0.6852415084	0.3889997557	0.8200543287	0.8408281796
180	0.6854735767	0.3888273195	0.8201865444	0.8409895133
181	0.6854735767	0.388715463	0.8201865444	0.8409895133
182	0.6857908961	0.3885494758	0.8203748518	0.8411938693
183	0.6860767037	0.388356639	0.820555146	0.841355203
184	0.6862578201	0.3881678511	0.8206873618	0.8414197365
185	0.686774942	0.3879470688	0.8210038783	0.8417316483
186	0.6871102977	0.3877395126	0.8212442706	0.8418607152
187	0.6869972335	0.3875670116	0.8211681464	0.8418069373
188	0.6874640904	0.3874004324	0.8214806564	0.8420328045
189	0.6874734065	0.3872547576	0.8215046957	0.8420005378
190	0.6876503011	0.3870664231	0.8215968461	0.8421403603
191	0.6879271071	0.3869135801	0.8217531011	0.8423339607
192	0.6882956529	0.3867527057	0.8219974999	0.8425168056
193	0.6882635903	0.3864633665	0.8219894868	0.8424737833
194	0.6884841263	0.386281748	0.8221577615	0.8425383168
195	0.688670412	0.3860900693	0.8222739511	0.8426458725
196	0.6886774379	0.3859891535	0.8222539184	0.8426996504
197	0.6891106808	0.3856907831	0.8225624219	0.8428717397
198	0.689258802	0.3855449968	0.8226385461	0.8429900511
199	0.6894554129	0.3853545015	0.82272669	0.8431728959
200	0.6891822828	0.3851487984	0.8225584153	0.8430115622
201	0.6893394097	0.3850149342	0.8226585788	0.8430976069
202	0.6894716676	0.3847908262	0.822778775	0.8430976069
203	0.6897828863	0.3845803768	0.822987115	0.843248185
204	0.6897652542	0.3843701052	0.822987115	0.8432159183
205	0.6898092968	0.3841721305	0.8230111542	0.843248185
206	0.689967858	0.3839319359	0.8231073111	0.8433449852
207	0.6903585725	0.3837104312	0.8233396904	0.8435923635
208	0.6903306859	0.3835297952	0.8233196577	0.843581608
209	0.6908556332	0.3833488279	0.8236201481	0.8439365421
210	0.6907688702	0.3832970047	0.8235680631	0.8438827642
211	0.690877335	0.3831325156	0.8236562069	0.8439042753
212	0.6909214843	0.3830232916	0.8236802462	0.8439365421
213	0.6909888612	0.3829317405	0.8237363377	0.8439472977
214	0.6913101804	0.3827315664	0.8239647104	0.8440763646
215	0.6911777229	0.3826205057	0.8238925927	0.8439795644
216	0.6916361468	0.3823970219	0.8241810635	0.8442376983
217	0.6916703938	0.3822503912	0.82418507	0.8442914762
218	0.6918244351	0.382122601	0.8242932466	0.8443560097
219	0.6918654174	0.3820448333	0.8243252989	0.8443667653
220	0.6920783646	0.3818711385	0.8244655277	0.8444743211
221	0.6926322069	0.3816318793	0.8247860508	0.8448400108
222	0.6927274277	0.3814950224	0.8248181031	0.8449475666
223	0.6930798576	0.381322755	0.8250584955	0.8451089002
224	0.6933259438	0.381140128	0.8252067374	0.8452594784
225	0.6935896343	0.3810062239	0.8253990513	0.8453562786
226	0.693837529	0.3808339852	0.8255432866	0.8455176123
227	0.6939576137	0.3806994106	0.8256033847	0.8456144125
228	0.6943360832	0.3804584456	0.8258678163	0.8457757462
229	0.6946699913	0.380364584	0.8261082086	0.8459048131
230	0.6945421222	0.3801814308	0.8260240713	0.8458402796
231	0.694629156	0.3800371026	0.8260761563	0.8458940575
232	0.6950629648	0.3798412957	0.8263806532	0.8460769024
233	0.695140665	0.37969848	0.8264127055	0.8461521914
234	0.695190812	0.3794654079	0.8264647905	0.8461414359
235	0.6956670006	0.3792902551	0.8267572679	0.8464210809
236	0.695531679	0.3791879849	0.8266490913	0.8463888142
237	0.6957634166	0.379061602	0.8267893202	0.8465286367
238	0.6959191506	0.3788757741	0.8268934902	0.8466039258
239	0.6957726662	0.3787994771	0.8268093529	0.8465071256
240	0.6960635963	0.3786669312	0.8270216994	0.8466146814
241	0.6962824011	0.3785026395	0.8271499087	0.8467545039
242	0.696387853	0.378319811	0.827242059	0.8467652595
243	0.696656509	0.3781474501	0.8274223533	0.8468943264
244	0.6967527487	0.3780704004	0.827494471	0.8469265932
245	0.6969012404	0.3779682115	0.8275746018	0.847034149
246	0.6970045592	0.3777804491	0.8276707587	0.847034149
247	0.6972770273	0.3776075546	0.8278430398	0.8471847271
248	0.697573343	0.3774510329	0.8280433668	0.8473245496
249	0.6976645073	0.377316146	0.8280874387	0.8473998387
250	0.6979519639	0.3771731212	0.8282677329	0.8475611724
251	0.6979579656	0.3770682193	0.8282557133	0.8475934391
252	0.6978855827	0.3769365024	0.8282116414	0.8475504168
253	0.698111599	0.3768493351	0.8283638899	0.8476579726
254	0.6981502003	0.3767115438	0.8283999487	0.8476579726
255	0.6983098532	0.3765794107	0.8284961056	0.8477547728
256	0.6985290983	0.3765444149	0.8286243149	0.8478945953
257	0.6985121712	0.3763862912	0.8286203083	0.8478730842
258	0.6982584042	0.3762818148	0.8284480272	0.8477547728
259	0.6984485551	0.3761502492	0.8285962691	0.8478085507
260	0.6986949846	0.3760311643	0.8287084522	0.8480236623
261	0.6988933194	0.37590519	0.828840668	0.8481204625
262	0.6991491993	0.3757710006	0.8290089426	0.8482495294
263	0.6993475202	0.3755830225	0.8291411584	0.8483463297
264	0.6991661869	0.3755039094	0.8290129491	0.8482710406
265	0.6992216654	0.3754092544	0.8290530145	0.8482925518
266	0.6996502602	0.3752433449	0.8293294657	0.8485184189
267	0.6997760955	0.3750787182	0.8294176095	0.8485721968
268	0.6998592691	0.3749036017	0.8294777076	0.8486044636
269	0.6998400341	0.3746764491	0.8294416488	0.8486367303
270	0.7001002581	0.3744724308	0.8296019103	0.8487873084
271	0.7002453333	0.3743317322	0.8296900542	0.8488733531
272	0.7002410358	0.3741912635	0.8296980672	0.8488518419
273	0.7005333902	0.3740135182	0.8298703484	0.8490346867
274	0.7006527025	0.3738356681	0.8299705119	0.8490561979
275	0.7005673819	0.3737385226	0.8299144203	0.8490131756
276	0.7007529703	0.373636811	0.8300346165	0.8491099758
277	0.7009363735	0.3736001288	0.8301588192	0.8491960204
278	0.7009385666	0.373440374	0.8301548127	0.849206776
279	0.7010322471	0.3733061606	0.8302309369	0.8492282872
280	0.7009042825	0.3732222922	0.8301467996	0.8491637537
281	0.7011857033	0.3731455749	0.8303391134	0.8492928207
282	0.7008678223	0.3730392938	0.830142793	0.8491099758
283	0.701283199	0.3728452847	0.8304432834	0.8492713095
284	0.701293719	0.3727080372	0.8304593096	0.8492605539
285	0.7014022077	0.3725838452	0.8305434469	0.8492928207
286	0.701283199	0.3724833607	0.8304432834	0.8492713095
287	0.7015666631	0.3723723582	0.8306315908	0.849411132
288	0.7015584028	0.3722946764	0.8306115581	0.8494326432
289	0.7018853438	0.3721761853	0.8307918523	0.8496585104
290	0.7022138805	0.3720146882	0.8310041989	0.8498305996
291	0.7022565371	0.3719267977	0.8310322446	0.8498521108
292	0.7023636829	0.3718493742	0.8310843296	0.8499381554
293	0.7025574302	0.3716671539	0.8312245585	0.8500134445
294	0.7024271638	0.3715054146	0.8311444277	0.8499381554
295	0.7021575985	0.3713214513	0.8310001923	0.849744555
296	0.7022819364	0.3712486798	0.8310562839	0.8498521108
297	0.702232457	0.3711237952	0.8310402577	0.8497983329
298	0.7021644099	0.3710355507	0.8309881727	0.8497768217
299	0.7022415595	0.3708301876	0.8310242315	0.8498413552
300	0.7022864943	0.3706219579	0.8310482708	0.8498736219
301	0.702429452	0.3705625109	0.8311404212	0.849948911
302	0.7027730375	0.3704060599	0.8313607808	0.8501317558
303	0.7030566754	0.3702442674	0.8315490881	0.8502715784
304	0.7032029684	0.3701446523	0.8316692843	0.8503038451
305	0.7033553039	0.3700108151	0.8317454085	0.8504221565
306	0.703488	0.3699019399	0.8318215327	0.8505082011
307	0.7035006506	0.3698684603	0.8318335524	0.8505082011
308	0.7034026667	0.3697985456	0.8317654412	0.8504651788
309	0.7037606181	0.3696108322	0.8319617616	0.8507125571
310	0.7038159467	0.3694914393	0.832001827	0.8507340683
311	0.7042151318	0.3693859274	0.832262252	0.8509384243
312	0.7043485683	0.3692532296	0.8323704285	0.850970691
313	0.7042079208	0.3691748374	0.8322742716	0.8509061576
314	0.7043407743	0.3690758291	0.8323503958	0.8509922022
315	0.7044086893	0.3689045494	0.8324024808	0.8510137134
316	0.7045692212	0.3687386634	0.8324986378	0.8511105136
317	0.7046065833	0.368648676	0.8325026443	0.8511642915
318	0.7046395493	0.3685771678	0.8325467162	0.8511427803
319	0.7047045765	0.3684790694	0.8325707555	0.8512073138
320	0.7049729891	0.3683998357	0.8327189974	0.8513901586
321	0.7052341598	0.3682845529	0.832879259	0.8515407368
322	0.7050559399	0.3682341741	0.8327790955	0.8514224254
323	0.7052144031	0.3681390366	0.8329113113	0.8514546921
324	0.7054328103	0.3679922324	0.833043527	0.8515837591
325	0.7056010929	0.3678413723	0.8331597167	0.8516590481
326	0.7057618001	0.3676697635	0.8332558736	0.8517558483
327	0.7058999381	0.3675640393	0.8333239847	0.8518634041
328	0.7060631939	0.3675015599	0.8334481874	0.851917182
329	0.7059275545	0.36735904	0.8333760697	0.8518203818
330	0.705854731	0.3673152061	0.8333319978	0.8517773595
331	0.7061410062	0.3672407295	0.8335162986	0.8519279376
332	0.7062516013	0.3671438851	0.8335643771	0.8520247378
333	0.7066031895	0.3669733658	0.8338047694	0.8521860715
334	0.7068770417	0.366819114	0.8339770505	0.8523366496
335	0.7068520061	0.3666963628	0.8339530113	0.8523366496
336	0.7071613165	0.3665640251	0.8341333056	0.8525302501
337	0.7069956211	0.3664662676	0.8340131094	0.8524657166
338	0.7070284127	0.3663818848	0.834025129	0.8524979833
339	0.7070862441	0.3663097303	0.8340611879	0.8525302501
340	0.7072347336	0.3662122988	0.8341453252	0.8526270503
341	0.7077652891	0.3660703602	0.834485881	0.8529066953
342	0.7078073267	0.3659677264	0.834545979	0.8528744286
343	0.7078474091	0.3658497256	0.8345780313	0.8528851842
344	0.7077691881	0.3657542943	0.8345419725	0.8528206507
345	0.7077718215	0.3656780004	0.834537966	0.8528314063
346	0.7081082235	0.3656092067	0.8347703452	0.8529819844
347	0.7080832888	0.3654662739	0.834746306	0.8529819844
348	0.7080761262	0.3653616282	0.8347262733	0.8530034956
349	0.7081366287	0.3652477675	0.8347583256	0.8530465179
350	0.7082772616	0.3652024776	0.8348544825	0.8531110514
351	0.7084009914	0.3650112091	0.8349145806	0.8532078516
352	0.7083101901	0.364849588	0.8348665021	0.8531433181
353	0.7085238197	0.3647679134	0.835006731	0.8532508739
354	0.7086600714	0.3646263403	0.8350788487	0.8533476741
355	0.7085719169	0.3645809115	0.8350267637	0.8532938962
356	0.7083680489	0.3644866222	0.834902561	0.8531755848
357	0.7085496934	0.3644393483	0.8349987179	0.8533046518
358	0.7086119597	0.3643378452	0.835058816	0.8533046518
359	0.708672521	0.3642721278	0.8350908683	0.8533476741
360	0.7086752137	0.3641584884	0.8350868618	0.8533584297
361	0.7088434502	0.3640208045	0.8352030514	0.8534337187
362	0.7089689356	0.3639153587	0.8352911952	0.8534874966
363	0.708865627	0.3637859951	0.8352310972	0.8534229632
364	0.7089137681	0.363757874	0.8352511298	0.8534659855
365	0.7094417025	0.363595792	0.8355956922	0.853734875
366	0.709514754	0.3634839507	0.8356397641	0.8537778973
367	0.7096250401	0.3633782697	0.8357198949	0.8538209196
368	0.7096402017	0.3632743663	0.8357279079	0.8538316752
369	0.7096953382	0.3632535204	0.8357679733	0.8538531863
370	0.7097284246	0.3631519496	0.8357799929	0.8538854531
371	0.7098138929	0.3630505637	0.8358360845	0.8539284754
372	0.7099876063	0.362957383	0.835944261	0.8540252756
373	0.7100647339	0.3628616461	0.8360123722	0.8540360312
374	0.7104684196	0.3626769928	0.8362968364	0.8542081205
375	0.7106269358	0.3625327084	0.8363969999	0.8542941651
376	0.7104852668	0.3624281558	0.8362727972	0.8542726539
377	0.7105735533	0.3623409737	0.8363248822	0.8543264318
378	0.710569627	0.3622643992	0.836300843	0.8543586986
379	0.7108565077	0.3620929259	0.8364851438	0.8545092767
380	0.7110911579	0.3619560417	0.8366253726	0.8546490992
381	0.7110569419	0.3619303256	0.8365853072	0.8546598548
382	0.7113743772	0.3618176646	0.8367856342	0.8548319441
383	0.7114418286	0.3617077433	0.8368377192	0.8548534552
384	0.711408535	0.3616030561	0.8368256995	0.8548211885
385	0.7115491512	0.3615669955	0.8369218565	0.854885722
386	0.7118361413	0.3614056731	0.8371061572	0.8550363001
387	0.7118970236	0.3612708941	0.8371382096	0.8550793224
388	0.7119673288	0.3611579087	0.837186288	0.8551115891
389	0.71191876	0.3610943081	0.8371662553	0.8550685668
390	0.7119035403	0.3609825969	0.8371582423	0.8550578112
391	0.7121050156	0.360915834	0.8372864515	0.855165367
392	0.7121876136	0.3608235072	0.8373465496	0.8551976338
393	0.7121296336	0.3606884602	0.8373104907	0.855165367
394	0.712249129	0.360546706	0.8374066476	0.8551976338
395	0.7121999188	0.3604384485	0.8373585692	0.8551976338
396	0.7122549753	0.360429335	0.8373986346	0.8552191449
397	0.7122549753	0.3604273051	0.8373986346	0.8552191449
398	0.7123738669	0.3603326204	0.8374667457	0.855294434
399	0.7125384879	0.360244311	0.8375588961	0.8554019898
400	0.7126579302	0.3601105449	0.837655053	0.8554342565
401	0.712761636	0.3600078891	0.8377151511	0.85549879
402	0.7127129695	0.3599797741	0.8376951184	0.8554557677
403	0.7127675498	0.3598652702	0.837707138	0.8555203012
404	0.7130605873	0.3597664484	0.8378834258	0.8556923904
405	0.7129902904	0.3596478885	0.8378353473	0.8556601237
406	0.713030465	0.3595218099	0.8378954454	0.855627857
407	0.7129483179	0.3594204822	0.8378633931	0.8555525679
408	0.7128535089	0.359336762	0.8377912754	0.8555203012
409	0.7128623963	0.3592543841	0.8377792557	0.8555525679
410	0.7132044813	0.3591716861	0.8380036219	0.8557246572
411	0.7134607982	0.3590321152	0.8381438508	0.8558967464
412	0.7135280784	0.3588689257	0.8381959358	0.8559182576
413	0.7137633903	0.3587580247	0.8383642104	0.8560150578
414	0.7138336541	0.3586461112	0.8384122889	0.8560473245
415	0.7141146279	0.3585612482	0.8385765569	0.8562194138
416	0.7140810435	0.3584708155	0.8385645373	0.8561871471
417	0.7141665776	0.3583545606	0.8386206289	0.8562301694
418	0.7143437627	0.3582790125	0.8387247989	0.8563377252
419	0.7142215665	0.3581666235	0.8386606943	0.8562516806
420	0.7141452151	0.3580717911	0.8386206289	0.8561979027
421	0.7142062949	0.358015638	0.8386526812	0.856240925
422	0.7142460071	0.3579098932	0.8386847335	0.8562516806
423	0.7144934354	0.3578157319	0.838836982	0.8563915031
424	0.7146217337	0.3576667244	0.8389211193	0.8564560366
425	0.7145056449	0.3576054487	0.8388490016	0.8563915031
426	0.7146217337	0.3575705776	0.8389211193	0.8564560366
427	0.7147623733	0.3575298762	0.8389892304	0.8565635924
428	0.7147714878	0.3574472442	0.8390052566	0.8565528368
429	0.7149946524	0.3573837456	0.8391334658	0.8566926593
430	0.7150221386	0.3572660143	0.8391534985	0.8567034149
431	0.715046747	0.3571422138	0.839149492	0.8567464372
432	0.7150620454	0.3571123589	0.839157505	0.8567571928
433	0.7152972383	0.3569492367	0.8393257797	0.856853993
434	0.7153459523	0.3568313905	0.8393738581	0.856853993
435	0.7154534172	0.3567035002	0.8394019039	0.8569723044
436	0.7152119487	0.3566127848	0.8392416424	0.856853993
437	0.7152422719	0.3565627901	0.8392857143	0.8568324818
438	0.7153671785	0.3565055121	0.8394019039	0.8568432374
439	0.7156697106	0.3563967999	0.8395942178	0.8570045711
440	0.7159691182	0.356296933	0.8397905382	0.8571551492
441	0.7160483267	0.3561537958	0.8398546428	0.8571766604
442	0.7161064066	0.3560568215	0.8398907016	0.8572089271
443	0.7160266826	0.3559483359	0.8398546428	0.8571443937
444	0.7164396159	0.3558600178	0.8400990416	0.857391772
445	0.71652836	0.3558072757	0.8401511266	0.8574455499
446	0.7169964702	0.3556853124	0.8404355909	0.8577144394
447	0.7169843613	0.3556221171	0.8404235713	0.8577144394
448	0.7170521901	0.3555460561	0.8404476105	0.8577789728
449	0.7171434073	0.3554679596	0.8405237347	0.857800484
450	0.7171038555	0.3554127253	0.8404916824	0.8577897284
451	0.7171861963	0.3553399228	0.8405517805	0.8578219952
452	0.7173178142	0.3552096049	0.8406319113	0.8578972842
453	0.7173024669	0.3551681989	0.8406238982	0.8578865286
454	0.7173922349	0.3550695599	0.8406479374	0.8579833289
455	0.7176304413	0.3549327394	0.8408122055	0.8580908846
456	0.7177830088	0.3548445627	0.8409203821	0.8581554181
457	0.7177127694	0.3547650014	0.8408723036	0.8581231514
458	0.7177434888	0.3546504732	0.8408883298	0.8581446625
459	0.7178049355	0.3545414761	0.8409203821	0.8581876849
460	0.7181067317	0.3544519129	0.8411407417	0.8583059962
461	0.7180913662	0.3543567678	0.8411327286	0.8582952407
462	0.7182559209	0.3542574513	0.8412529248	0.8583597741
463	0.7183568678	0.3541855599	0.8413170294	0.858413552
464	0.7184918903	0.3541125929	0.8413931536	0.8584995967
465	0.7187078832	0.3539257159	0.8415574217	0.8585748857
466	0.7188703466	0.3537956669	0.8416535786	0.8586716859
467	0.7189665497	0.3537029786	0.8417497356	0.8586716859
468	0.7189030781	0.3536119604	0.841693644	0.8586609304
469	0.7194660163	0.3535172311	0.842050226	0.8589620866
470	0.7195241967	0.3534986996	0.8420862848	0.8589943533
471	0.7196113679	0.3534066815	0.8421143306	0.859080398
472	0.7196541688	0.3533474242	0.8421423764	0.8591019091
473	0.7196473659	0.3532758288	0.8421503894	0.859080398
474	0.7198801626	0.3532179199	0.8422946248	0.8592094649
475	0.7199948627	0.3531127062	0.8423427033	0.8593062651
476	0.719986299	0.3530461966	0.8423266771	0.8593170207
477	0.7200154096	0.3529929901	0.8423707491	0.8592955095
478	0.720311764	0.3528563717	0.842518991	0.8595106211
479	0.7203134031	0.3528245289	0.8425430302	0.8594783544
480	0.7205463615	0.3526831039	0.8426872656	0.8596074213
481	0.7205070012	0.3525370804	0.8426552133	0.8595966658
482	0.7206389311	0.3524515188	0.8427353441	0.8596719548
483	0.7205787919	0.3523184255	0.842727331	0.8595966658
484	0.7204812056	0.3522902422	0.8426592198	0.8595536435
485	0.7207176347	0.3521585468	0.8427994487	0.859693466
486	0.7208460896	0.352070394	0.842883586	0.8597579995
487	0.7208137045	0.3520018881	0.8428435206	0.859768755
488	0.7208600124	0.3518896294	0.8428675599	0.8598010218
489	0.7209660843	0.3518101031	0.8429516972	0.8598332885
490	0.7210861046	0.3517198326	0.8430198083	0.8599085776
491	0.7213760898	0.3516272877	0.8431760633	0.860102178
492	0.7213536089	0.3515920871	0.8431760633	0.8600699113
493	0.7215881106	0.3514276929	0.843344338	0.8601667115
494	0.7215761859	0.3513035275	0.8433323183	0.8601667115
495	0.7216393302	0.3512118012	0.8433884099	0.8601774671
496	0.7217214431	0.351112912	0.843448508	0.8602097338
497	0.7219938335	0.3510614831	0.8436247957	0.8603495563
498	0.7220366564	0.3509532736	0.8436528414	0.8603710675
499	0.7219831738	0.3509215265	0.8436368153	0.8603172896
500	0.722028309	0.3508343807	0.8436368153	0.8603818231
501	0.7221329907	0.3507880224	0.8436969134	0.8604463565
502	0.7221365544	0.3507210164	0.8436929068	0.8604571121
503	0.7221758218	0.3506410859	0.8437249591	0.8604678677
504	0.72232336	0.3505334904	0.843813103	0.8605539123
505	0.7223971385	0.3504344031	0.8438571749	0.8605969347
506	0.7225411241	0.3503520238	0.8439493253	0.8606722237
507	0.7227707927	0.350244163	0.8440975672	0.8607905351
508	0.722606628	0.3501958413	0.8439773711	0.8607260016
509	0.722641186	0.3501519278	0.8439893907	0.8607582684
510	0.7227056453	0.3500570422	0.8439933972	0.860844313
511	0.7227485104	0.3499839311	0.844021443	0.8608658241
512	0.7228223594	0.3499230324	0.8440655149	0.8609088465
513	0.7229437229	0.3497986537	0.8441576653	0.8609518688
514	0.7230676898	0.3497396658	0.8442217699	0.8610379134
515	0.7231379273	0.3496302104	0.8442698484	0.8610701802
516	0.7231352718	0.3495241285	0.8442978942	0.8610271578
517	0.7230960442	0.349441582	0.8442658419	0.8610164023
518	0.7232437529	0.349379981	0.8443539857	0.8611024469
519	0.7229783312	0.3492775948	0.8441696849	0.8609841355
520	0.7232035671	0.3491724752	0.8442978942	0.8611239581
521	0.7233166842	0.3490972031	0.8443740184	0.861177736
522	0.7234224966	0.3490094943	0.8444581557	0.8612100027
523	0.7235666059	0.3489316853	0.8445503061	0.8612852917
524	0.7236870311	0.3488911757	0.8446184173	0.8613605808
525	0.723597625	0.3488004535	0.8445663323	0.8613068029
526	0.7237143898	0.3487134192	0.84463845	0.8613713364
527	0.7237654321	0.3486688968	0.8446825219	0.861382092
528	0.7237874694	0.3485648789	0.8446584826	0.8614466254
529	0.723744586	0.3484717	0.8446304369	0.8614251143
530	0.723923486	0.3483862755	0.8447346069	0.8615326701
531	0.7237903226	0.3483336838	0.8446304369	0.8614896478
532	0.723930854	0.3482751784	0.8447265938	0.8615541812
533	0.7241763898	0.3482133258	0.8448828488	0.8616832482
534	0.7242429442	0.3481102592	0.8449349338	0.8617047593
535	0.724309487	0.3480527046	0.8449870188	0.8617262705
536	0.7244959245	0.3479110278	0.8450831757	0.8618553375
537	0.7245935395	0.3477981125	0.8451512869	0.8618983598
538	0.7245388245	0.3477151351	0.8451112215	0.8618768486
539	0.7245624571	0.3476442652	0.8451352607	0.8618768486
540	0.7248235774	0.3475434585	0.8452995288	0.8620166711
541	0.724878279	0.3474563806	0.8453395942	0.8620381823
542	0.7252370126	0.3473298887	0.8455719735	0.8622210272
543	0.7253421425	0.3472067807	0.8456320715	0.8622855606
544	0.7253501491	0.3471312108	0.8456480977	0.8622748051
545	0.7253345916	0.3469471294	0.8456400846	0.8622640495
546	0.7253619303	0.3468978346	0.8456601173	0.8622748051
547	0.7256621984	0.3467693903	0.8458564377	0.8624253832
548	0.7257867302	0.346726824	0.8459205423	0.8625114278
549	0.7260091802	0.3466403357	0.8460767973	0.862608228
550	0.7259856708	0.3465560628	0.8460527581	0.862608228
551	0.7261261261	0.3464822615	0.846148915	0.8626727615
552	0.7262040116	0.3463847398	0.8461889804	0.8627265394
553	0.7262507509	0.3463410305	0.8462130196	0.8627588061
554	0.7263094676	0.3462852187	0.8462731177	0.8627588061
555	0.7263796838	0.3461783184	0.8463211962	0.8627910729
556	0.726449897	0.3461094405	0.8463692747	0.8628233396
557	0.7265551266	0.3460330075	0.8464293727	0.8628878731
558	0.7265316629	0.345941006	0.8464053335	0.8628878731
559	0.7265160778	0.3458963061	0.8463973204	0.8628771175
560	0.7266525069	0.3458175166	0.8464734447	0.8629631621
561	0.7265356898	0.345662027	0.8464253662	0.8628663619
562	0.7267227323	0.3455115265	0.8465215231	0.8629954289
563	0.7267579047	0.3454439484	0.846557582	0.8629954289
564	0.7268125268	0.3453870634	0.8465976474	0.86301694
565	0.7270193194	0.3452881294	0.8467699285	0.8630707179
566	0.726910128	0.3452195919	0.8466897977	0.8630276956
567	0.7269607738	0.3451438643	0.8467098304	0.8630707179
568	0.7271011602	0.3450363357	0.8468059874	0.8631352514
569	0.7269997855	0.3449983983	0.8467418828	0.8630814735
570	0.726949138	0.3448772539	0.8467218501	0.8630384512
571	0.7271011602	0.3448300567	0.8468059874	0.8631352514
572	0.727261029	0.3447860571	0.8469061508	0.863221296
573	0.7271401613	0.3446469196	0.8468380397	0.863146007
574	0.7273702044	0.3445719354	0.8469862816	0.8632643184
575	0.7275769602	0.3444706395	0.8470864451	0.8634148965
576	0.7275145898	0.3443830579	0.8470303535	0.8634041409
577	0.7274755927	0.344301589	0.8469983012	0.8633933853
578	0.7274716787	0.3442833135	0.8470023078	0.8633826297
579	0.727643323	0.3442224884	0.8471144908	0.8634686744
580	0.7276510845	0.3441153398	0.847130517	0.8634579188
581	0.7277719385	0.3439631503	0.8472226674	0.8635009411
582	0.727584654	0.3438761027	0.8471265105	0.8633718742
583	0.7278538029	0.3437792877	0.8472827655	0.8635332079
584	0.7279395993	0.3436464389	0.847338857	0.8635762302
585	0.7279591574	0.3436081289	0.8473428636	0.8635977413
586	0.7281384724	0.3435214103	0.8474710728	0.8636730304
587	0.7282165687	0.3434728363	0.8475111382	0.8637268083
588	0.7282555072	0.3433593419	0.8475431905	0.8637375639
589	0.7283802334	0.3432736088	0.8476313343	0.8637913418
590	0.7284896068	0.343156125	0.8476874259	0.8638666308
591	0.7286415993	0.3431006373	0.8477956024	0.8639311643
592	0.7286415993	0.3429838379	0.8477956024	0.8639311643
593	0.7286183152	0.3428661146	0.8477715632	0.8639311643
594	0.7285129019	0.3428108852	0.8477114651	0.8638666308
595	0.7284856285	0.342793037	0.8476914324	0.8638558752
596	0.7286808401	0.3426541042	0.8478036155	0.8639741866
597	0.7288211949	0.3425773356	0.8478997724	0.8640387201
598	0.728875732	0.3425550583	0.8479398378	0.8640602312
599	0.7288095596	0.3424677	0.8478877528	0.8640387201
600	0.7288797357	0.3423880091	0.8479358313	0.8640709868
601	0.7288175596	0.3423401265	0.8478797397	0.8640602312
602	0.7290124649	0.3422503917	0.8480159621	0.8641462759
603	0.729293146	0.3421157692	0.8482082759	0.8642753428
604	0.7293668497	0.3420119976	0.8482763871	0.8642860984
605	0.7293012079	0.3419497022	0.8482002628	0.864296854
606	0.7294455887	0.3418559887	0.8482924132	0.864372143
607	0.7294728486	0.3417821913	0.8483124459	0.8643828986
608	0.7297569765	0.3417000058	0.8485247925	0.8644904544
609	0.7299796203	0.3416440629	0.8486570082	0.8646195214
610	0.7300497683	0.3416062789	0.8487050867	0.8646517881
611	0.7300538476	0.341555935	0.8487010802	0.8646625437
612	0.7302601943	0.3414700499	0.8488493221	0.8647485883
613	0.7302098082	0.3414003439	0.8488052502	0.8647378328
614	0.7300225249	0.3413309165	0.848685054	0.8646410325
615	0.7302057189	0.3412308352	0.8488092567	0.8647270772
616	0.7303310519	0.3411209151	0.8488733613	0.8648131218
617	0.7302608994	0.3411111939	0.8488252829	0.8647808551
618	0.7302193792	0.3410117395	0.8487491586	0.8648238774
619	0.7301996137	0.3409817702	0.8487451521	0.8648023662
620	0.7306412486	0.3408574722	0.8490135902	0.8650497446
621	0.7305900788	0.3407298822	0.8489935575	0.8650067222
622	0.7306528133	0.3407033911	0.8490256098	0.8650497446
623	0.7307692308	0.3405950176	0.8491217667	0.8650820113
624	0.7309335222	0.3405057398	0.8492179237	0.8651788115
625	0.7312885016	0.3404467827	0.8494543094	0.8653509008
626	0.7312695891	0.3403806394	0.8494262637	0.8653616564
627	0.7313512933	0.3403406884	0.8494863617	0.8653939231
628	0.7314099262	0.3402116447	0.8495224206	0.8654261898
629	0.7312695891	0.3401269068	0.8494262637	0.8653616564
630	0.7315083199	0.3400410374	0.8495664925	0.8655014789
631	0.731555441	0.3399986551	0.8495905317	0.8655337456
632	0.7315617756	0.3399204408	0.8496305971	0.8654907233
633	0.7318162301	0.3398323259	0.8497788391	0.8656413014
634	0.7315544297	0.3397260482	0.849614571	0.8655014789
635	0.7319262233	0.3396242484	0.8498349306	0.8657165905
636	0.7322721316	0.3395374317	0.8500112183	0.8659532132
637	0.7322836337	0.3394767734	0.8500232379	0.8659532132
638	0.7322866777	0.3394381428	0.8500432706	0.8659317021
639	0.7326345633	0.3393354444	0.8502636302	0.8661145469
640	0.7326932577	0.3392742349	0.8502996891	0.8661468137
641	0.7326890034	0.3391833406	0.8503036956	0.8661360581
642	0.7327778732	0.3391079227	0.8503798199	0.8661575692
643	0.7328421369	0.3390042903	0.8503878329	0.8662328583
644	0.732822132	0.3389091173	0.8503838264	0.8662113471
645	0.7329067171	0.3388044382	0.8504639572	0.8662221027
646	0.7329467354	0.3387021681	0.8504719703	0.866265125
647	0.7331271212	0.338580152	0.8505761403	0.8663726808
648	0.7333261733	0.3384879786	0.850708356	0.866469481
649	0.7331829412	0.3384382182	0.8505921664	0.8664264587
650	0.7333906317	0.3383586625	0.8507163691	0.8665447701
651	0.733601186	0.3382911877	0.8508606045	0.8666415703
652	0.7337387455	0.3382645905	0.8509367287	0.866727615
653	0.7336255802	0.3381946545	0.8508606045	0.8666738371
654	0.7337328951	0.3381128825	0.8509647745	0.8666845926
655	0.733870448	0.3380386847	0.8510408987	0.8667706373
656	0.7339149869	0.3379645495	0.8510449053	0.8668244152
657	0.7339378572	0.3379444816	0.8510689445	0.8668244152
658	0.7341500107	0.3378266921	0.8511891407	0.8669534821
659	0.7342702424	0.337712312	0.8512812911	0.8669965044
660	0.7341353383	0.3375792306	0.8512251995	0.8668889486
661	0.7342316206	0.3375188748	0.8512492388	0.8669857489
662	0.7342201973	0.3374419125	0.8512372191	0.8669857489
663	0.7343088592	0.3373387515	0.8513133434	0.86700726
664	0.7344236928	0.3372154251	0.8513654284	0.8670933047
665	0.7342561149	0.3370521335	0.8512492388	0.8670180156
666	0.7343464523	0.3369303807	0.8513013238	0.8670717935
667	0.7343393955	0.3368558316	0.8512852976	0.8670825491
668	0.7344008598	0.3367761484	0.8513413891	0.8670933047
669	0.7345903296	0.3366965085	0.8514375461	0.8672223716
670	0.7348281274	0.336622438	0.8516018142	0.8673299274
671	0.7347737289	0.3365439776	0.8515617488	0.8673084162
672	0.7349527085	0.3364698669	0.851689958	0.8673837053
673	0.7348527198	0.3364171585	0.8516018142	0.8673621941
674	0.7351132895	0.3363164788	0.8517901215	0.8674697499
675	0.735176506	0.3362071877	0.8518221738	0.8675127723
676	0.7351335082	0.3361491233	0.851794128	0.8674912611
677	0.7353054994	0.3360732083	0.8519063111	0.8675773057
678	0.7355116079	0.3359817344	0.852054553	0.8676633504
679	0.7355160479	0.335885206	0.8520505465	0.8676741059
680	0.7355046759	0.3358400222	0.8520385269	0.8676741059
681	0.7354414325	0.3357778958	0.8520064746	0.8676310836
682	0.7355659688	0.3357534057	0.8520946184	0.8676848615
683	0.7357833656	0.3356848424	0.85225488	0.8677709062
684	0.7356746765	0.3355672484	0.8521747492	0.8677278838
685	0.7359212449	0.3354561383	0.8523310042	0.8678569508
686	0.7359735264	0.3353596703	0.8523951088	0.8678461952
687	0.7360299175	0.3353101107	0.852411135	0.8678999731
688	0.7363331614	0.3352142133	0.8526274881	0.8680290401
689	0.7364371077	0.3351372215	0.8526675534	0.8681150847
690	0.7364982485	0.3350949899	0.852723645	0.8681258403
691	0.7364665936	0.3350727357	0.8527076188	0.8681043291
692	0.73655706	0.335003883	0.8527597038	0.868158107
693	0.7365887208	0.3349413233	0.85277573	0.8681796182
694	0.7366996132	0.3348597167	0.8528758935	0.8682011293
695	0.736728992	0.3347779562	0.8528718869	0.8682441517
696	0.7367471045	0.3347457065	0.8528999327	0.8682333961
697	0.736643026	0.3346545539	0.8528157954	0.8682011293
698	0.7370479403	0.3345914318	0.8530962531	0.8683839742
699	0.7372515311	0.3344826352	0.8532244623	0.86849153
700	0.7371905089	0.3344094307	0.8531683708	0.8684807744
701	0.7372380441	0.3343269301	0.85319241	0.8685130411
702	0.7373828562	0.3342387224	0.8532845604	0.8685883302
703	0.7373943707	0.3341795755	0.8532525081	0.8686421081
704	0.737340071	0.33416445	0.8532124427	0.8686205969
705	0.7372992497	0.3341389008	0.8532044296	0.8685775746
706	0.7372653579	0.3340837897	0.8531683708	0.8685775746
707	0.737437375	0.3339660093	0.8532805539	0.8686636193
708	0.7375279546	0.3339073216	0.8533326389	0.8687173971
709	0.7377429899	0.3338171892	0.8534728677	0.8688249529
710	0.7377542683	0.3337254157	0.8534848873	0.8688249529
711	0.7379918297	0.3335961585	0.8536491554	0.8689325087
712	0.7379897639	0.3335451092	0.8536291227	0.8689540199
713	0.7381571874	0.3333986392	0.8537453123	0.869029309
714	0.7383338351	0.333340104	0.8538534889	0.8691261092
715	0.7384291122	0.3332468198	0.8539015674	0.8691906426
716	0.7383927227	0.3331764901	0.8538895477	0.8691583759
717	0.7384787424	0.3331171759	0.8539456393	0.8692013982
718	0.7386441844	0.3330436323	0.8540417962	0.8692981984
719	0.738958414	0.3329572457	0.8542701689	0.8694272654
720	0.7386871989	0.3329133941	0.854069842	0.8693197096
721	0.7387162671	0.3328804331	0.8541099074	0.869308954
722	0.7387414512	0.3328154542	0.8541099074	0.8693412208
723	0.7389948603	0.3327522057	0.8542821885	0.8694595321
724	0.7391379162	0.3326514019	0.8543543062	0.8695563323
725	0.7392445362	0.3325841123	0.8544144043	0.8696208658
726	0.7392987739	0.3324955421	0.8544544697	0.869642377
727	0.7395091734	0.3324234328	0.8545987051	0.8697391772
728	0.7395680977	0.3324012168	0.8546347639	0.8697714439
729	0.7397224911	0.3323861989	0.8547189012	0.8698682442
730	0.7398662452	0.3322708729	0.8548551236	0.8698897553
731	0.739912243	0.3322161483	0.8548591301	0.8699435332
732	0.7399139785	0.3321432119	0.8548791628	0.869922022
733	0.7397690372	0.3320978603	0.8547870124	0.869846733
734	0.7399840864	0.3319711624	0.8549272413	0.8699542888
735	0.7401083778	0.331879017	0.8550153851	0.8700080667
736	0.7401767856	0.3318057612	0.8550434309	0.8700618446
737	0.7404874062	0.3317064191	0.8552317382	0.8702339339
738	0.7403806861	0.3316644361	0.8551716401	0.8701694004
739	0.7406387784	0.3315479982	0.8553399147	0.8702984673
740	0.740960616	0.3314808397	0.8555402417	0.8704705566
741	0.7408793667	0.3314153089	0.8554801436	0.8704382899
742	0.7409415612	0.3313149453	0.8554921632	0.8705028233
743	0.7408825871	0.3312939862	0.8554561044	0.8704705566
744	0.741046832	0.3312137581	0.8555322286	0.870588868
745	0.7410929432	0.3311541916	0.8556003398	0.8705673568
746	0.7412205199	0.3310580909	0.8556644444	0.8706534015
747	0.7414197491	0.3310077568	0.8557966601	0.8707502017
748	0.7414134458	0.3309348397	0.855780634	0.8707609572
749	0.7414453579	0.33089428	0.8557966601	0.8707824684
750	0.7415807708	0.3307994796	0.8558968236	0.8708362463
751	0.7416987669	0.330732052	0.8559689413	0.8709007798
752	0.741660569	0.3306619772	0.855936889	0.8708900242
753	0.7417403844	0.3305966702	0.8559769544	0.8709438021
754	0.7416750974	0.330574336	0.8559248694	0.8709222909
755	0.7416639759	0.3305123006	0.8559128498	0.8709222909
756	0.7418028375	0.3304482901	0.855988974	0.8710083356
757	0.7417118746	0.3303846715	0.855936889	0.8709545577
758	0.741820217	0.3303063417	0.8560170198	0.87099758
759	0.7419236812	0.3302455657	0.8561011571	0.8710298467
760	0.7423430404	0.3301316326	0.8563695952	0.8712449583
761	0.7425680766	0.3300248274	0.856501811	0.8713740253
762	0.7425508095	0.3299704107	0.8564737652	0.8713847809
763	0.7426923242	0.3299182808	0.8565899548	0.8714278032
764	0.7427021441	0.3298946605	0.8565819417	0.8714493143
765	0.7426369273	0.3298234746	0.8565298567	0.8714278032
766	0.7426529162	0.3297627223	0.8565378698	0.8714385588
767	0.7428423817	0.329664625	0.8566780987	0.8715138478
768	0.7427341227	0.3295980844	0.8565979679	0.8714708255
769	0.7428128432	0.3294849565	0.8566180006	0.8715461145
770	0.7427488642	0.3294231245	0.8565859483	0.8715030922
771	0.7429223449	0.3293064189	0.856718164	0.8715676257
772	0.7432336412	0.329230275	0.8569064714	0.871739715
773	0.7432877597	0.3291725461	0.8569465367	0.8717612261
774	0.743545018	0.3291134213	0.8570947787	0.8719118042
775	0.7435278914	0.3290372078	0.8570667329	0.8719225598
776	0.7436079698	0.3289618783	0.8571067983	0.8719763377
777	0.743792398	0.3288755312	0.8572510337	0.8720408712
778	0.7441409616	0.3287818853	0.8574513606	0.8722452272
779	0.7442862374	0.328714895	0.857543511	0.8723205163
780	0.7442732464	0.3285855529	0.857491426	0.8723635386
781	0.7443022705	0.3284910349	0.8575515241	0.8723312718
782	0.7442591875	0.3284241238	0.8575234783	0.8723097607
783	0.7440046541	0.3283566068	0.8573311645	0.8722129605
784	0.7440377448	0.3283153031	0.8573672233	0.8722129605
785	0.744359444	0.3282298761	0.8575475175	0.8724065609
786	0.7442952876	0.328154804	0.8575154652	0.8723635386
787	0.7440798121	0.328101591	0.8573752364	0.8722559828
788	0.7444616843	0.32801757	0.8576116222	0.8724603388
789	0.744612069	0.3279045552	0.857699766	0.8725463834
790	0.7448335309	0.3278390211	0.857856021	0.8726431837
791	0.74479133	0.3277460513	0.8578480079	0.8726001613
792	0.7448014308	0.3276811328	0.8578399949	0.8726216725
793	0.7448825684	0.3276223827	0.857900093	0.8726539392
794	0.7450059261	0.3275523801	0.8579682041	0.8727292283
795	0.7453118938	0.3274857794	0.8581404853	0.8729120731
796	0.7452738678	0.3274142772	0.858108433	0.8729013176
797	0.7453169796	0.3272848474	0.8581364787	0.8729228287
798	0.7453432218	0.3272452848	0.8581364787	0.8729550955
799	0.745590962	0.3271540963	0.8582927337	0.8730841624
800	0.745300914	0.3270954207	0.8581284657	0.8729120731
801	0.7452738678	0.3270453417	0.858108433	0.8729013176
802	0.745317787	0.3269770053	0.8581565114	0.8729013176
803	0.7455011745	0.3268862212	0.8582807141	0.8729873622
804	0.7458131264	0.3267797818	0.8584690214	0.8731594515
805	0.7457546763	0.3266919608	0.8584529953	0.8731056736
806	0.7459811231	0.3266405061	0.8586052438	0.8732132294
807	0.7459321997	0.3266221791	0.8585611718	0.8732024738
808	0.7458415927	0.3265614146	0.8585291195	0.8731271847
809	0.7457985004	0.3264660258	0.8585010738	0.8731056736
810	0.7459862509	0.32637536	0.8586012372	0.8732239849
811	0.746147048	0.3263224433	0.858681368	0.8733315407
812	0.7460337989	0.3262484389	0.8586052438	0.8732777628
813	0.7461039381	0.3261586516	0.8586533222	0.8733100296
814	0.7462976137	0.3260687502	0.8587695118	0.8734175854
815	0.7462873154	0.3259624307	0.8587775249	0.8733960742
816	0.7462493533	0.3259206446	0.8587454726	0.8733853186
817	0.7465505347	0.3258737142	0.8589217603	0.8735574079
818	0.7464108644	0.3257630319	0.8588456361	0.8734713633
819	0.7463729062	0.3256577195	0.8588135838	0.8734606077
820	0.7463297907	0.325617711	0.858785538	0.8734390965
821	0.7464160217	0.3255681278	0.8588416295	0.8734821188
822	0.7463297907	0.325508287	0.858785538	0.8734390965
823	0.7465942404	0.3254279413	0.8589698388	0.8735574079
824	0.7467023019	0.3253498221	0.8590499696	0.8736004302
825	0.7468799172	0.3252770764	0.8591581461	0.8736972304
826	0.7469230272	0.3252047332	0.8591861919	0.8737187416
827	0.7469178377	0.3251069469	0.8591901984	0.873707986
828	0.7469017393	0.3250657953	0.8591821853	0.8736972304
829	0.7471276756	0.3249804618	0.8593144011	0.8738262974
830	0.7472134187	0.3249040794	0.85935046	0.8738908309
831	0.7473214478	0.324849649	0.8594305907	0.8739338532
832	0.747504366	0.324762444	0.8595347607	0.874041409
833	0.7477102774	0.324640325	0.859723068	0.8740844313
834	0.7478448276	0.3245621218	0.8598031988	0.8741597204
835	0.7477852262	0.3245222961	0.8597471073	0.8741489648
836	0.7479145561	0.3244585392	0.8598312446	0.8742134983
837	0.7479145561	0.3244134186	0.8598312446	0.8742134983
838	0.7480866659	0.3243451921	0.859923395	0.874321054
839	0.7480547473	0.3242598538	0.8599274015	0.8742780317
840	0.7481949264	0.3241981755	0.8600235584	0.8743425652
841	0.7483456556	0.3241186993	0.8601117023	0.8744286098
842	0.7484368936	0.3240472163	0.8601437546	0.8745038989
843	0.7484215743	0.3239612875	0.8601958396	0.8744286098
844	0.7484863502	0.3238514239	0.8602479246	0.874450121
845	0.7482222126	0.3237870153	0.8600636238	0.8743318096
846	0.7485183509	0.3237076046	0.8602439181	0.8744931433
847	0.7485722906	0.3236507407	0.8602839835	0.8745146545
848	0.7486637931	0.3235889561	0.8603360685	0.8745684324
849	0.7486315245	0.3235064014	0.8603200423	0.8745469212
850	0.748556159	0.3234626435	0.8602759704	0.8745038989
851	0.7488684857	0.3234041828	0.8604642777	0.8746759882
852	0.7490304232	0.3233597391	0.8606045066	0.8747190105
853	0.7491380796	0.3232552917	0.8606646046	0.874783544
854	0.749331839	0.3231410041	0.8607607616	0.8749126109
855	0.7493857494	0.3230696277	0.8608008269	0.8749341221
856	0.7495635306	0.3230334084	0.8609090035	0.8750309223
857	0.7496766963	0.322948612	0.8609851277	0.8750847002
858	0.7496335891	0.3228838772	0.860957082	0.875063189
859	0.7496874865	0.322813128	0.8609971473	0.8750847002
860	0.7496712724	0.3227726255	0.8609691016	0.8750954558
861	0.7497413347	0.3227222042	0.86101718	0.8751277225
862	0.7498706227	0.3226205793	0.861061252	0.8752352783
863	0.7501509532	0.3225178261	0.8612335331	0.8753858564
864	0.7500646942	0.3224048332	0.8611774416	0.8753428341
865	0.750215666	0.3223058035	0.8612655854	0.8754288787
866	0.7504529376	0.3222328495	0.8614098208	0.8755579457
867	0.7502587992	0.3221804336	0.8612936312	0.8754503899
868	0.7501887118	0.3221564351	0.8612455527	0.8754181232
869	0.7503558335	0.322099482	0.8613617424	0.8754934122
870	0.7503127022	0.3220742085	0.8613336966	0.875471901
871	0.7502587992	0.3220026805	0.8612936312	0.8754503899
872	0.7505337848	0.3219046022	0.8614699189	0.8755902124
873	0.7505607315	0.321829709	0.8614899516	0.875600968
874	0.7505715888	0.3217537739	0.8614819385	0.8756224792
875	0.7506147276	0.3217040905	0.8615099843	0.8756439903
876	0.7507442723	0.3216296018	0.8615740889	0.875730035
877	0.7507442723	0.3215546371	0.8615740889	0.875730035
878	0.7508143674	0.3215069033	0.8616221674	0.8757623017
879	0.7509762043	0.321426091	0.8617223308	0.8758483463
880	0.7510572193	0.3213426975	0.8617623962	0.8759021242
881	0.7512622449	0.3212565045	0.8618906055	0.87600968
882	0.7512565524	0.3212385413	0.8619146447	0.8759774133
883	0.7513917059	0.321138437	0.8619747428	0.8760742135
884	0.7514892515	0.3210851739	0.8620027886	0.8761602581
885	0.7515593637	0.321043957	0.862050867	0.8761925249
886	0.7513864612	0.3210150827	0.8619587166	0.8760849691
887	0.7513595166	0.3209901175	0.8619386839	0.8760742135
888	0.7516833564	0.320909409	0.8621390109	0.8762463028
889	0.7518449786	0.3207849231	0.862259207	0.8763108362
890	0.7518994992	0.3207291594	0.862259207	0.8763753697
891	0.7519640853	0.3206612078	0.862311292	0.8763968809
892	0.7520825241	0.3205889886	0.8624034424	0.8764399032
893	0.7518991713	0.320524525	0.8622792397	0.8763538586
894	0.752282489	0.3204349089	0.8625156255	0.8765582146
895	0.7523201105	0.3204035642	0.8625476778	0.8765689702
896	0.7523470379	0.320311849	0.8625677105	0.8765797257
897	0.7526060214	0.320257638	0.8627359851	0.8767087927
898	0.7526440751	0.3202137724	0.8627480047	0.8767410594
899	0.7526227173	0.3201295196	0.8627239655	0.8767410594
900	0.7527146342	0.3201090422	0.8627760505	0.8767948373
901	0.7526928141	0.3200532842	0.862772044	0.8767733262
902	0.7525953424	0.320004574	0.8627239655	0.8767087927
903	0.7526542943	0.3199360329	0.8627800571	0.8767195483
904	0.7526867797	0.3198539646	0.8627960832	0.8767410594
905	0.7527299409	0.3198116202	0.862824129	0.8767625706
906	0.7530000863	0.3196917587	0.8629843905	0.8769131487
907	0.752908671	0.319607844	0.8629122728	0.876880882
908	0.7530270002	0.3195401019	0.8630044232	0.8769239043
909	0.7535618686	0.3194455775	0.8633289529	0.8772143049
910	0.753431161	0.3193860771	0.8632848809	0.8771067491
911	0.7536794855	0.3192886503	0.8634411359	0.8772358161
912	0.7537226466	0.3192469483	0.8634691817	0.8772573272
913	0.7538039842	0.3191673672	0.8635092471	0.8773111051
914	0.7537339204	0.3191480184	0.8634611686	0.8772788384
915	0.7537877153	0.3190741484	0.863501234	0.8773003496
916	0.7537332758	0.3190452585	0.8634812013	0.8772573272
917	0.7537658078	0.3190260483	0.8634972275	0.8772788384
918	0.7539278315	0.3189585543	0.8635973909	0.877364883
919	0.7539829886	0.3188673751	0.8635973909	0.8774294165
920	0.7539829886	0.3187860804	0.8635973909	0.8774294165
921	0.7541889791	0.3187139351	0.8637055675	0.8775584835
922	0.7540742979	0.3186110691	0.8636695086	0.8774616832
923	0.7544090664	0.3185441586	0.8638818552	0.8776337725
924	0.7544905009	0.3185024908	0.8639219206	0.8776875504
925	0.7544961893	0.3184384337	0.863917914	0.877698306
926	0.7544806737	0.31838315	0.8638898683	0.8777090616
927	0.7542427776	0.3183492479	0.8637456329	0.8775799946
928	0.7541889791	0.3182738861	0.8637055675	0.8775584835
929	0.7541981438	0.3181797274	0.8637576525	0.8775154611
930	0.7544522396	0.3180805691	0.863909901	0.8776552837
931	0.7545385861	0.3180335172	0.8639659925	0.877698306
932	0.7548807878	0.3179218289	0.8641342671	0.8779241732
933	0.7548750729	0.317897678	0.8641382737	0.8779134176
934	0.7549826175	0.3178178732	0.8642184044	0.8779564399
935	0.7551179062	0.3177664946	0.8642985352	0.878031729
936	0.7553021468	0.3177022246	0.8644027052	0.8781392848
937	0.7553885361	0.3176375811	0.8644587968	0.8781823071
938	0.7553885361	0.3175504059	0.8644587968	0.8781823071
939	0.7554480465	0.3175222163	0.8644948556	0.8782145738
940	0.7555555556	0.3174503405	0.8645749864	0.8782575961
941	0.7555075594	0.3174251212	0.8645309145	0.8782468405
942	0.7556218003	0.3173827978	0.864587006	0.8783221296
943	0.755788837	0.3172973852	0.8647031956	0.8783974187
944	0.7558071696	0.3172070696	0.8646711433	0.8784511966
945	0.7559426052	0.3171595928	0.8647512741	0.8785264856
946	0.7559378444	0.3170982453	0.8647352479	0.8785372412
947	0.7559636992	0.3169932548	0.8647753133	0.8785264856
948	0.7560127061	0.3169612478	0.8647993525	0.8785587524
949	0.7561761082	0.3168875296	0.8648794833	0.8786663081
950	0.7563163241	0.3168194091	0.8649756402	0.8787308416
951	0.7560943983	0.3167806955	0.8648394179	0.8786125303
952	0.7565161011	0.3166772609	0.865107856	0.8788276418
953	0.756575677	0.3165853075	0.8651439149	0.8788599086
954	0.7565488026	0.3165506649	0.8651238822	0.878849153
955	0.756575677	0.3165392444	0.8651439149	0.8788599086
956	0.7567812912	0.3164761476	0.8652721241	0.8789674644
957	0.7567976484	0.3164325634	0.8652801372	0.87897822
958	0.7567333881	0.316402091	0.8652280522	0.8789567088
959	0.7568689336	0.3163490969	0.865308183	0.8790319978
960	0.7568420598	0.3163078663	0.8652881503	0.8790212423
961	0.7569542006	0.3162368497	0.8653843072	0.879053509
962	0.75685605	0.3162060513	0.8653362287	0.8789889755
963	0.7568665586	0.3161550858	0.8653482483	0.8789889755
964	0.7569927803	0.3161234598	0.8653963268	0.8790857757
965	0.7572404253	0.3160343027	0.8655726145	0.8791933315
966	0.7571376083	0.3159565693	0.8655085099	0.8791395536
